rec,cat,wp_id,slug,users_12mo,views_12mo,reason,wp_title,link
DELETE,news,59338,coffee-shop-owners-say-lattes-would-have-to-be-7-to-follow-energy-hikes,0,0,zero traffic,Coffee Shop Owners Say Lattes Would Have to Be £7 to Follow Energy Hikes,https://comdebstage.wpengine.com/articles/coffee-shop-owners-say-lattes-would-have-to-be-7-to-follow-energy-hikes/
DELETE,news,46285,39-of-hair-and-beauty-sector-still-furloughed,0,0,zero traffic,39% of Hair and Beauty Sector Still Furloughed,https://comdebstage.wpengine.com/articles/39-of-hair-and-beauty-sector-still-furloughed/
DELETE,news,20956,jamie-oliver-restaurant-restructure-london,0,0,zero traffic,Jamie Oliver Saves London’s Barbecoa just as CVA for Jamie’s Italian Chain is Approved,https://comdebstage.wpengine.com/articles/jamie-oliver-restaurant-restructure-london/
DELETE,news,11269,common-causes-of-construction-insolvency,0,0,zero traffic,Common Causes of Insolvency in the Construction Industry,https://comdebstage.wpengine.com/articles/common-causes-of-construction-insolvency/
DELETE,news,45481,covid-19-effects-on-cruise-industry,0,0,zero traffic,Has the Cruise Industry Been Hit by the Perfect Storm?,https://comdebstage.wpengine.com/articles/covid-19-effects-on-cruise-industry/
DELETE,case_study,47401,plumbing,0,0,zero traffic,Plumbing Case Study (Creditors’ Voluntary Liquidation),https://comdebstage.wpengine.com/case-studies/plumbing/
DELETE,case_study,47432,jeweller,0,0,zero traffic,Jeweller Case Study,https://comdebstage.wpengine.com/case-studies/jeweller/
DELETE,case_study,47495,hairdresser,0,0,zero traffic,Hairdresser Case Study (Creditors’ Voluntary Liquidation),https://comdebstage.wpengine.com/case-studies/hairdresser/
DELETE,case_study,47491,hoverboard-retailer,0,0,zero traffic,HoverBoard Retailer Case Study (Creditors’ Voluntary Liquidation),https://comdebstage.wpengine.com/case-studies/hoverboard-retailer/
DELETE,case_study,47484,it-consultancy,0,0,zero traffic,IT Consultancy Case Study (Creditors Voluntary Liquidation),https://comdebstage.wpengine.com/case-studies/it-consultancy/
DELETE,case_study,47420,information-technology,0,0,zero traffic,Information Technology Case Study,https://comdebstage.wpengine.com/case-studies/information-technology/
DELETE,case_study,23505,dissolution,0,0,zero traffic,Dissolution Case Study,https://comdebstage.wpengine.com/case-studies/dissolution/
DELETE,news,45670,124-pints-to-save-the-pub,1,1,1 users,124 Pints per Adult Required to Save the British Pub,https://comdebstage.wpengine.com/articles/124-pints-to-save-the-pub/
DELETE,news,19967,kids-company-directors-face-disqualification-proceedings,1,1,1 users,Kids Company Directors Face Disqualification,https://comdebstage.wpengine.com/articles/kids-company-directors-face-disqualification-proceedings/
DELETE,case_study,47456,bespoke-kitchen-manufacturer,1,1,1 users,Bespoke Kitchen Manufacturer Case Study (Creditors’ Voluntary Liquidation),https://comdebstage.wpengine.com/case-studies/bespoke-kitchen-manufacturer/
DELETE,case_study,47479,online-travel-agent,1,1,1 users,Online Travel Agent Case Study (Creditors’ Voluntary Liquidation),https://comdebstage.wpengine.com/case-studies/online-travel-agent/
DELETE,case_study,47462,pizza-restaurant,1,1,1 users,Pizza Restaurant Case Study (Creditors’ Voluntary Liquidation),https://comdebstage.wpengine.com/case-studies/pizza-restaurant/
DELETE,case_study,47466,recruitment-consultant,1,1,1 users,Women’s Fashion Store CVL Case Study,https://comdebstage.wpengine.com/case-studies/womens-fashion-store/
DELETE,case_study,47470,womens-fashion-store,1,1,1 users,Recruitment Consultant Case Study (Creditors’ Voluntary Liquidation),https://comdebstage.wpengine.com/case-studies/recruitment-consultant/
DELETE,case_study,47487,hardware-maintenance,1,1,1 users,Hardware Maintenance Case Study (Creditors’ Voluntary Liquidation,https://comdebstage.wpengine.com/case-studies/hardware-maintenance/
DELETE,case_study,47447,corporate-finance,1,1,1 users,Corporate Finance Case Study,https://comdebstage.wpengine.com/case-studies/corporate-finance/
DELETE,case_study,47474,seo-consultancy,1,1,1 users,SEO Consultancy (Insolvency Case Study),https://comdebstage.wpengine.com/case-studies/seo-consultancy/
DELETE,case_study,23510,time-to-pay-and-creditor-voluntary-liquidation,1,1,1 users,Time to Pay and Liquidation Case Study,https://comdebstage.wpengine.com/case-studies/time-to-pay-and-creditor-voluntary-liquidation/
DELETE,news,57275,6000-fuel-hikes-taxi-sector,2,2,2 users,£6000 Fuel Hikes Could Push Many Taxi Drivers into Insolvency,https://comdebstage.wpengine.com/articles/6000-fuel-hikes-taxi-sector/
DELETE,news,50409,more-small-energy-providers-face-collapse-as-crisis-deepens,2,3,2 users,More UK Energy Providers Face Collapse as Crisis Deepens,https://comdebstage.wpengine.com/articles/more-small-energy-providers-face-collapse-as-crisis-deepens/
DELETE,case_study,23483,creditors-voluntary-liquidation-with-phoenix,2,2,2 users,Creditors Voluntary Liquidation with Phoenix,https://comdebstage.wpengine.com/case-studies/creditors-voluntary-liquidation-with-phoenix/
DELETE,case_study,47414,freight-forwarder,2,2,2 users,Freight Forwarder Case Study,https://comdebstage.wpengine.com/case-studies/freight-forwarder/
DELETE,case_study,23474,individual-voluntary-arrangement-with-new-limited-company,2,2,2 users,Individual Voluntary Arrangement with new Limited Company,https://comdebstage.wpengine.com/case-studies/individual-voluntary-arrangement-with-new-limited-company/
DELETE,case_study,23524,personal-guarantees,2,2,2 users,Personal Guarantees Case Study,https://comdebstage.wpengine.com/case-studies/personal-guarantees/
DELETE,case_study,47392,pet-store,2,2,2 users,Pet Store Case Study (Closure by Liquidation),https://comdebstage.wpengine.com/case-studies/pet-store/
DELETE,case_study,47442,building-contractor,2,2,2 users,Building Contractor Case Study,https://comdebstage.wpengine.com/case-studies/building-contractor/
DELETE,case_study,47436,plastering-company,2,2,2 users,Plastering Company Case Study,https://comdebstage.wpengine.com/case-studies/plastering-company/
DELETE,news,20594,how-will-carillions-insolvency-effect-its-supply-chain,3,3,3 users,What are the Likely Effects of Carillion’s Insolvency on its Supply Chain?,https://comdebstage.wpengine.com/articles/how-will-carillions-insolvency-effect-its-supply-chain/
DELETE,news,46571,12-year-ban-for-director-who-pocketed-covid-loan-cash,3,3,3 users,12 Year ban for Director who Pocketed Covid Loan Cash,https://comdebstage.wpengine.com/articles/12-year-ban-for-director-who-pocketed-covid-loan-cash/
DELETE,case_study,47499,subcontractor-agency,3,3,3 users,Subcontractor Agency Case Study (Creditors Voluntary Liquidation),https://comdebstage.wpengine.com/case-studies/subcontractor-agency/
DELETE,news,20150,monarch-airline-insolvency,4,4,4 users,Monarch Files for Insolvency in UK’s Biggest Airline Collapse,https://comdebstage.wpengine.com/articles/monarch-airline-insolvency/
DELETE,news,67805,poolmageddon-79-of-uk-pools-may-close-within-6-months,4,5,4 users,Poolmageddon: 79% of UK pools May Close Within 6 Months,https://comdebstage.wpengine.com/articles/poolmageddon-79-of-uk-pools-may-close-within-6-months/
DELETE,case_study,47386,language-school,4,4,4 users,"Language School (Creditors’ Voluntary Liquidation, Case Study)",https://comdebstage.wpengine.com/case-studies/language-school/
DELETE,news,13700,can-bradford-rugby-club-saved-liquidation,5,5,5 users,Can Bradford Rugby Club be Saved from Liquidation?,https://comdebstage.wpengine.com/articles/can-bradford-rugby-club-saved-liquidation/
DELETE,news,67900,find-out-why-the-transport-industry-is-prone-to-insolvency,5,6,5 users,Find out Why the Transport Industry is Prone to Insolvency,https://comdebstage.wpengine.com/articles/find-out-why-the-transport-industry-is-prone-to-insolvency/
DELETE,news,52944,all-dishes-off-menu-for-dacampos-my-pasta-bar,6,6,6 users,All Dishes off Menu for D’Acampo’s My Pasta Bar,https://comdebstage.wpengine.com/articles/all-dishes-off-menu-for-dacampos-my-pasta-bar/
DELETE,news,67800,insolvencies-within-the-technology-sector,7,7,7 users,Insolvencies Within the Technology Sector,https://comdebstage.wpengine.com/articles/insolvencies-within-the-technology-sector/
DELETE,news,73803,british-cycle-sales-hit-39-year-low,7,7,7 users,British Cycle Sales Hit 39 Year Low,https://comdebstage.wpengine.com/articles/british-cycle-sales-hit-39-year-low/
DELETE,news,52948,leeds-dino-trail-collapses-into-administration,8,8,8 users,Leeds ‘Dino Trail’ Collapses into Administration,https://comdebstage.wpengine.com/articles/leeds-dino-trail-collapses-into-administration/
DELETE,news,23781,how-much-is-the-digital-sales-tax-going-to-affect-big-tech,9,15,9 users,How Much Will Big Tech Pay Under the new UK Digital Services Tax?,https://comdebstage.wpengine.com/articles/how-much-is-the-digital-sales-tax-going-to-affect-big-tech/
REDIRECT,news,52003,travel-firm-collapses-as-it-cannot-pay-refunds,10,11,10 users,Travel Firm Collapses as it Cannot Pay Refunds,https://comdebstage.wpengine.com/articles/travel-firm-collapses-as-it-cannot-pay-refunds/
REDIRECT,news,13688,88-year-old-retailer-bhs-goes-company-liquidation,10,9,10 users,88 Year Old Retailer BHS goes into Company Liquidation,https://comdebstage.wpengine.com/articles/88-year-old-retailer-bhs-goes-company-liquidation/
REDIRECT,news,59226,will-the-energy-crisis-mean-the-end-for-britains-bakeries,10,12,10 users,Tripled Energy Costs Puts 2500 Small Bakeries at Risk of Insolvency,https://comdebstage.wpengine.com/articles/will-the-energy-crisis-mean-the-end-for-britains-bakeries/
REDIRECT,news,22840,80-homebase-stores-set-to-close-as-part-of-cva,12,18,12 users,80 Homebase Stores Set to Close as Part of CVA,https://comdebstage.wpengine.com/articles/80-homebase-stores-set-to-close-as-part-of-cva/
REDIRECT,news,51774,gieves-hawkes-facing-liquidation,12,10,12 users,Savile Row Institution Gieves & Hawkes Facing Liquidation,https://comdebstage.wpengine.com/articles/gieves-hawkes-facing-liquidation/
REDIRECT,case_study,23462,individual-voluntary-arrangement,14,16,14 users,Individual Voluntary Arrangement Case Study,https://comdebstage.wpengine.com/case-studies/individual-voluntary-arrangement/
REDIRECT,news,20346,paradise-papers,18,15,18 users,What are the Paradise Papers and who are Named in the Scandal?,https://comdebstage.wpengine.com/articles/paradise-papers/
REDIRECT,news,50021,scaffolder-censured-over-bounce-back-loan,18,19,18 users,Scaffolder Censured Over Bounce Back Loan,https://comdebstage.wpengine.com/articles/scaffolder-censured-over-bounce-back-loan/
REDIRECT,news,13606,pink-biscuit-manufacturer-rivington-biscuits-goes-company-administration,21,21,21 users,Pink Biscuit Manufacturer Rivington Biscuits goes into Company Administration,https://comdebstage.wpengine.com/articles/pink-biscuit-manufacturer-rivington-biscuits-goes-company-administration/
REDIRECT,news,52598,failed-arena-television-leaves-trail-of-losses-and-faces-fraud-probe,23,26,23 users,Failed Arena Television Leaves Trail of Losses and Faces Fraud Probe,https://comdebstage.wpengine.com/articles/failed-arena-television-leaves-trail-of-losses-and-faces-fraud-probe/
REDIRECT,news,52342,barnsley-shopping-centre-enters-receivership,25,28,25 users,Barnsley Shopping Centre Enters Receivership,https://comdebstage.wpengine.com/articles/barnsley-shopping-centre-enters-receivership/
REDIRECT,news,9338,equestrian-failed-company-voluntary-arrangement-administration,26,29,26 users,Failed Company Voluntary Arrangement for Equestrian Business Leads to Administration,https://comdebstage.wpengine.com/articles/equestrian-failed-company-voluntary-arrangement-administration/
REDIRECT,news,49303,high-court-closes-insolvent-mini-bond-group,29,37,29 users,High Court Closes Insolvent Mini-bond Group,https://comdebstage.wpengine.com/articles/high-court-closes-insolvent-mini-bond-group/
REDIRECT,news,9696,clothing-retailer-usc-close-30-unfashionable-stores,29,35,29 users,USC Clothing – Retailer to Close 30 ‘Unfashionable’ Stores,https://comdebstage.wpengine.com/articles/clothing-retailer-usc-close-30-unfashionable-stores/
REDIRECT,news,50412,wayne-rooney-scores-21m-from-company-liquidation,30,34,30 users,Wayne Rooney Scores £21m From Company Liquidation,https://comdebstage.wpengine.com/articles/wayne-rooney-scores-21m-from-company-liquidation/
REDIRECT,news,52832,crackdown-on-directors-who-close-companies-to-avoid-debts,30,35,30 users,Crackdown on Directors who Close Companies to Avoid Debts,https://comdebstage.wpengine.com/articles/crackdown-on-directors-who-close-companies-to-avoid-debts/
REDIRECT,news,20980,boulestin-avoids-closure,31,34,31 users,London’s Boulestin Avoids Closure as Administrators Find Buyer,https://comdebstage.wpengine.com/articles/boulestin-avoids-closure/
REDIRECT,news,45894,bans-for-uk-directors-who-avoid-repaying-bounce-back-loans,33,38,33 users,Bans for UK Directors Who Avoid Repaying Bounce Back Loans,https://comdebstage.wpengine.com/articles/bans-for-uk-directors-who-avoid-repaying-bounce-back-loans/
REDIRECT,news,10932,lengthy-disqualifications-for-four-directors-involved-in-vat-fraud,43,53,43 users,Lengthy Disqualifications for Four Directors Involved in VAT Fraud,https://comdebstage.wpengine.com/articles/lengthy-disqualifications-for-four-directors-involved-in-vat-fraud/
REDIRECT,news,9608,disqualified-directors-jailed-continuing-control-companies,44,53,44 users,Disqualified Directors Jailed for Continuing to Control Companies,https://comdebstage.wpengine.com/articles/disqualified-directors-jailed-continuing-control-companies/
REVIEW-REFRESH,news,45349,can-manchester-united-get-out-from-under-its-455-5m-debt,66,67,66 users,Can Manchester United Get Out from Under its £455.5m Debt?,https://comdebstage.wpengine.com/articles/can-manchester-united-get-out-from-under-its-455-5m-debt/
REVIEW-REFRESH,news,51921,bobby-davros-business-goes-bust,77,83,77 users,Bobby Davro’s Business Goes Bust,https://comdebstage.wpengine.com/articles/bobby-davros-business-goes-bust/
REVIEW-REFRESH,news,9951,insolvent-wine-scammers,101,120,101 users,Insolvent Wine Scammer soured by Winding up Petition,https://comdebstage.wpengine.com/articles/insolvent-wine-scammers/
REVIEW-REFRESH,news,44929,is-harley-davidson-heading-for-a-crash,110,131,110 users,Is Harley-Davidson Heading for a Crash?,https://comdebstage.wpengine.com/articles/is-harley-davidson-heading-for-a-crash/
