rec,cat,wp_id,slug,users_12mo,views_12mo,avg_eng_sec,reason,matched_ga_title,wp_title,link
DELETE,news,59338,coffee-shop-owners-say-lattes-would-have-to-be-7-to-follow-energy-hikes,0,0,0.0,Zero traffic 12mo,,Coffee Shop Owners Say Lattes Would Have to Be £7 to Follow Energy Hikes,https://comdebstage.wpengine.com/articles/coffee-shop-owners-say-lattes-would-have-to-be-7-to-follow-energy-hikes/
DELETE,news,46285,39-of-hair-and-beauty-sector-still-furloughed,0,0,0.0,Zero traffic 12mo,,39% of Hair and Beauty Sector Still Furloughed,https://comdebstage.wpengine.com/articles/39-of-hair-and-beauty-sector-still-furloughed/
DELETE,news,20956,jamie-oliver-restaurant-restructure-london,0,0,0.0,Zero traffic 12mo,,Jamie Oliver Saves London’s Barbecoa just as CVA for Jamie’s Italian Chain is Approved,https://comdebstage.wpengine.com/articles/jamie-oliver-restaurant-restructure-london/
DELETE,news,11269,common-causes-of-construction-insolvency,0,0,0.0,Zero traffic 12mo,,Common Causes of Insolvency in the Construction Industry,https://comdebstage.wpengine.com/articles/common-causes-of-construction-insolvency/
DELETE,news,45481,covid-19-effects-on-cruise-industry,0,0,0.0,Zero traffic 12mo,,Has the Cruise Industry Been Hit by the Perfect Storm?,https://comdebstage.wpengine.com/articles/covid-19-effects-on-cruise-industry/
DELETE,news,45670,124-pints-to-save-the-pub,1,1,46.0,Only 1 users in 12mo,124 Pints per Adult Required to Save the British Pub,124 Pints per Adult Required to Save the British Pub,https://comdebstage.wpengine.com/articles/124-pints-to-save-the-pub/
DELETE,news,19967,kids-company-directors-face-disqualification-proceedings,1,1,0.0,Only 1 users in 12mo,Kids Company Directors Face Disqualification,Kids Company Directors Face Disqualification,https://comdebstage.wpengine.com/articles/kids-company-directors-face-disqualification-proceedings/
DELETE,news,57275,6000-fuel-hikes-taxi-sector,2,2,25.5,Only 2 users in 12mo,£6000 Fuel Hikes Could Push Many Taxi Drivers into Insolvency,£6000 Fuel Hikes Could Push Many Taxi Drivers into Insolvency,https://comdebstage.wpengine.com/articles/6000-fuel-hikes-taxi-sector/
DELETE,news,50409,more-small-energy-providers-face-collapse-as-crisis-deepens,2,3,3.0,Only 2 users in 12mo,More UK Energy Providers Face Collapse as Crisis Deepens,More UK Energy Providers Face Collapse as Crisis Deepens,https://comdebstage.wpengine.com/articles/more-small-energy-providers-face-collapse-as-crisis-deepens/
DELETE,news,20594,how-will-carillions-insolvency-effect-its-supply-chain,3,3,41.7,Only 3 users in 12mo,What are the Likely Effects of Carillion's Insolvency on its Supply Chain?,What are the Likely Effects of Carillion’s Insolvency on its Supply Chain?,https://comdebstage.wpengine.com/articles/how-will-carillions-insolvency-effect-its-supply-chain/
DELETE,news,46571,12-year-ban-for-director-who-pocketed-covid-loan-cash,3,3,21.3,Only 3 users in 12mo,12 Year ban for Director who Pocketed Covid Loan Cash,12 Year ban for Director who Pocketed Covid Loan Cash,https://comdebstage.wpengine.com/articles/12-year-ban-for-director-who-pocketed-covid-loan-cash/
DELETE,news,20150,monarch-airline-insolvency,4,4,19.8,Only 4 users in 12mo,Monarch Files for Insolvency in UK’s Biggest Airline Collapse,Monarch Files for Insolvency in UK’s Biggest Airline Collapse,https://comdebstage.wpengine.com/articles/monarch-airline-insolvency/
DELETE,news,67805,poolmageddon-79-of-uk-pools-may-close-within-6-months,4,5,14.0,Only 4 users in 12mo,Poolmageddon: 79% of UK pools May Close Within 6 Months,Poolmageddon: 79% of UK pools May Close Within 6 Months,https://comdebstage.wpengine.com/articles/poolmageddon-79-of-uk-pools-may-close-within-6-months/
DELETE,news,13700,can-bradford-rugby-club-saved-liquidation,5,5,18.4,Only 5 users in 12mo,Can Bradford Rugby Club be Saved from Liquidation? - Company Debt,Can Bradford Rugby Club be Saved from Liquidation?,https://comdebstage.wpengine.com/articles/can-bradford-rugby-club-saved-liquidation/
DELETE,news,67900,find-out-why-the-transport-industry-is-prone-to-insolvency,5,6,83.2,Only 5 users in 12mo,Find out Why the Transport Industry is Prone to Insolvency,Find out Why the Transport Industry is Prone to Insolvency,https://comdebstage.wpengine.com/articles/find-out-why-the-transport-industry-is-prone-to-insolvency/
DELETE,news,52944,all-dishes-off-menu-for-dacampos-my-pasta-bar,6,6,52.8,Only 6 users in 12mo,All Dishes off Menu for D’Acampo’s My Pasta Bar,All Dishes off Menu for D’Acampo’s My Pasta Bar,https://comdebstage.wpengine.com/articles/all-dishes-off-menu-for-dacampos-my-pasta-bar/
DELETE,news,67800,insolvencies-within-the-technology-sector,7,7,65.9,Only 7 users in 12mo,Insolvencies Within the Technology Sector,Insolvencies Within the Technology Sector,https://comdebstage.wpengine.com/articles/insolvencies-within-the-technology-sector/
DELETE,news,73803,british-cycle-sales-hit-39-year-low,7,7,62.3,Only 7 users in 12mo,British Cycle Sales Hit 39 Year Low,British Cycle Sales Hit 39 Year Low,https://comdebstage.wpengine.com/articles/british-cycle-sales-hit-39-year-low/
DELETE,news,52948,leeds-dino-trail-collapses-into-administration,8,8,22.9,Only 8 users in 12mo,Leeds ‘Dino Trail’ Collapses into Administration,Leeds ‘Dino Trail’ Collapses into Administration,https://comdebstage.wpengine.com/articles/leeds-dino-trail-collapses-into-administration/
DELETE,news,23781,how-much-is-the-digital-sales-tax-going-to-affect-big-tech,9,15,142.4,Only 9 users in 12mo,How Much Will Big Tech Pay Under the new UK Digital Services Tax?,How Much Will Big Tech Pay Under the new UK Digital Services Tax?,https://comdebstage.wpengine.com/articles/how-much-is-the-digital-sales-tax-going-to-affect-big-tech/
REVIEW-DELETE,case_study,47401,plumbing,0,0,0.0,"Case study, 0 users in 12mo",,Plumbing Case Study (Creditors’ Voluntary Liquidation),https://comdebstage.wpengine.com/case-studies/plumbing/
REVIEW-DELETE,case_study,47432,jeweller,0,0,0.0,"Case study, 0 users in 12mo",,Jeweller Case Study,https://comdebstage.wpengine.com/case-studies/jeweller/
REVIEW-DELETE,case_study,47495,hairdresser,0,0,0.0,"Case study, 0 users in 12mo",,Hairdresser Case Study (Creditors’ Voluntary Liquidation),https://comdebstage.wpengine.com/case-studies/hairdresser/
REVIEW-DELETE,case_study,47491,hoverboard-retailer,0,0,0.0,"Case study, 0 users in 12mo",,HoverBoard Retailer Case Study (Creditors’ Voluntary Liquidation),https://comdebstage.wpengine.com/case-studies/hoverboard-retailer/
REVIEW-DELETE,case_study,47484,it-consultancy,0,0,0.0,"Case study, 0 users in 12mo",,IT Consultancy Case Study (Creditors Voluntary Liquidation),https://comdebstage.wpengine.com/case-studies/it-consultancy/
REVIEW-DELETE,case_study,47420,information-technology,0,0,0.0,"Case study, 0 users in 12mo",,Information Technology Case Study,https://comdebstage.wpengine.com/case-studies/information-technology/
REVIEW-DELETE,case_study,23505,dissolution,0,0,0.0,"Case study, 0 users in 12mo",,Dissolution Case Study,https://comdebstage.wpengine.com/case-studies/dissolution/
REVIEW-DELETE,case_study,47456,bespoke-kitchen-manufacturer,1,1,0.0,"Case study, 1 users in 12mo",Bespoke Kitchen Manufacturer Insolvency Case Study,Bespoke Kitchen Manufacturer Case Study (Creditors’ Voluntary Liquidation),https://comdebstage.wpengine.com/case-studies/bespoke-kitchen-manufacturer/
REVIEW-DELETE,case_study,47479,online-travel-agent,1,1,0.0,"Case study, 1 users in 12mo",Online Travel Agent Insolvency Case Study,Online Travel Agent Case Study (Creditors’ Voluntary Liquidation),https://comdebstage.wpengine.com/case-studies/online-travel-agent/
REVIEW-DELETE,case_study,47462,pizza-restaurant,1,1,0.0,"Case study, 1 users in 12mo",Pizza Restaurant Insolvency Case Study,Pizza Restaurant Case Study (Creditors’ Voluntary Liquidation),https://comdebstage.wpengine.com/case-studies/pizza-restaurant/
REVIEW-DELETE,case_study,47466,recruitment-consultant,1,1,0.0,"Case study, 1 users in 12mo",Women’s Fashion Store Insolvency Case Study,Women’s Fashion Store CVL Case Study,https://comdebstage.wpengine.com/case-studies/womens-fashion-store/
REVIEW-DELETE,case_study,47470,womens-fashion-store,1,1,0.0,"Case study, 1 users in 12mo",Recruitment Consultant Insolvency Case Study,Recruitment Consultant Case Study (Creditors’ Voluntary Liquidation),https://comdebstage.wpengine.com/case-studies/recruitment-consultant/
REVIEW-DELETE,case_study,47487,hardware-maintenance,1,1,0.0,"Case study, 1 users in 12mo",Hardware Maintenance Insolvency Case Study,Hardware Maintenance Case Study (Creditors’ Voluntary Liquidation,https://comdebstage.wpengine.com/case-studies/hardware-maintenance/
REVIEW-DELETE,case_study,47447,corporate-finance,1,1,0.0,"Case study, 1 users in 12mo",Corporate Finance Insolvency Case Study,Corporate Finance Case Study,https://comdebstage.wpengine.com/case-studies/corporate-finance/
REVIEW-DELETE,case_study,47474,seo-consultancy,1,1,0.0,"Case study, 1 users in 12mo",SEO Consultancy Insolvency Case Study,SEO Consultancy (Insolvency Case Study),https://comdebstage.wpengine.com/case-studies/seo-consultancy/
REVIEW-DELETE,case_study,23510,time-to-pay-and-creditor-voluntary-liquidation,1,1,0.0,"Case study, 1 users in 12mo",Time to Pay and Liquidation Case Study,Time to Pay and Liquidation Case Study,https://comdebstage.wpengine.com/case-studies/time-to-pay-and-creditor-voluntary-liquidation/
REVIEW-DELETE,case_study,23483,creditors-voluntary-liquidation-with-phoenix,2,2,0.0,"Case study, 2 users in 12mo",Creditors Voluntary Liquidation with Phoenix,Creditors Voluntary Liquidation with Phoenix,https://comdebstage.wpengine.com/case-studies/creditors-voluntary-liquidation-with-phoenix/
REVIEW-DELETE,case_study,47414,freight-forwarder,2,2,0.0,"Case study, 2 users in 12mo",Freight Forwarder Insolvency Case Study,Freight Forwarder Case Study,https://comdebstage.wpengine.com/case-studies/freight-forwarder/
REVIEW-DELETE,case_study,23474,individual-voluntary-arrangement-with-new-limited-company,2,2,0.0,"Case study, 2 users in 12mo",Individual Voluntary Arrangement with new Limited Company,Individual Voluntary Arrangement with new Limited Company,https://comdebstage.wpengine.com/case-studies/individual-voluntary-arrangement-with-new-limited-company/
REVIEW-DELETE,case_study,23524,personal-guarantees,2,2,0.0,"Case study, 2 users in 12mo",Personal Guarantees Case Study,Personal Guarantees Case Study,https://comdebstage.wpengine.com/case-studies/personal-guarantees/
REVIEW-DELETE,case_study,47392,pet-store,2,2,0.0,"Case study, 2 users in 12mo",Pet Store Case Study (Closure by Liquidation),Pet Store Case Study (Closure by Liquidation),https://comdebstage.wpengine.com/case-studies/pet-store/
REVIEW-DELETE,case_study,47442,building-contractor,2,2,0.0,"Case study, 2 users in 12mo",Building Contractor Insolvency Case Study,Building Contractor Case Study,https://comdebstage.wpengine.com/case-studies/building-contractor/
REVIEW-DELETE,case_study,47436,plastering-company,2,2,0.0,"Case study, 2 users in 12mo",Plastering Company Insolvency Case Study,Plastering Company Case Study,https://comdebstage.wpengine.com/case-studies/plastering-company/
REVIEW-DELETE,case_study,47499,subcontractor-agency,3,3,1.7,"Case study, 3 users in 12mo",Subcontractor Agency Insolvency Case Study,Subcontractor Agency Case Study (Creditors Voluntary Liquidation),https://comdebstage.wpengine.com/case-studies/subcontractor-agency/
REVIEW-DELETE,case_study,47386,language-school,4,4,0.0,"Case study, 4 users in 12mo","Language School (Creditors’ Voluntary Liquidation, Case Study)","Language School (Creditors’ Voluntary Liquidation, Case Study)",https://comdebstage.wpengine.com/case-studies/language-school/
REDIRECT,news,52003,travel-firm-collapses-as-it-cannot-pay-refunds,10,11,90.2,10 users; redirect to topical hub,Travel Firm Collapses as it Cannot Pay Refunds,Travel Firm Collapses as it Cannot Pay Refunds,https://comdebstage.wpengine.com/articles/travel-firm-collapses-as-it-cannot-pay-refunds/
REDIRECT,news,13688,88-year-old-retailer-bhs-goes-company-liquidation,10,9,37.6,10 users; redirect to topical hub,88 Year Old Retailer BHS goes into Company Liquidation - Company Debt,88 Year Old Retailer BHS goes into Company Liquidation,https://comdebstage.wpengine.com/articles/88-year-old-retailer-bhs-goes-company-liquidation/
REDIRECT,news,59226,will-the-energy-crisis-mean-the-end-for-britains-bakeries,10,12,13.4,10 users; redirect to topical hub,Tripled Energy Costs Puts 2500 Small Bakeries at Risk of Insolvency,Tripled Energy Costs Puts 2500 Small Bakeries at Risk of Insolvency,https://comdebstage.wpengine.com/articles/will-the-energy-crisis-mean-the-end-for-britains-bakeries/
REDIRECT,news,22840,80-homebase-stores-set-to-close-as-part-of-cva,12,18,87.1,12 users; redirect to topical hub,80 Homebase Stores Set to Close as Part of CVA,80 Homebase Stores Set to Close as Part of CVA,https://comdebstage.wpengine.com/articles/80-homebase-stores-set-to-close-as-part-of-cva/
REDIRECT,news,51774,gieves-hawkes-facing-liquidation,12,10,42.9,12 users; redirect to topical hub,Savile Row Institution Gieves & Hawkes Facing Liquidation,Savile Row Institution Gieves & Hawkes Facing Liquidation,https://comdebstage.wpengine.com/articles/gieves-hawkes-facing-liquidation/
REDIRECT,news,20346,paradise-papers,18,15,62.4,18 users; redirect to topical hub,What are the Paradise Papers and who are Named in the Scandal?,What are the Paradise Papers and who are Named in the Scandal?,https://comdebstage.wpengine.com/articles/paradise-papers/
REDIRECT,news,50021,scaffolder-censured-over-bounce-back-loan,18,19,142.8,18 users; redirect to topical hub,Scaffolder Censured Over Bounce Back Loan,Scaffolder Censured Over Bounce Back Loan,https://comdebstage.wpengine.com/articles/scaffolder-censured-over-bounce-back-loan/
REDIRECT,news,13606,pink-biscuit-manufacturer-rivington-biscuits-goes-company-administration,21,21,25.8,21 users; redirect to topical hub,Pink Biscuit Manufacturer Rivington Biscuits goes into Company Administration - Company Debt,Pink Biscuit Manufacturer Rivington Biscuits goes into Company Administration,https://comdebstage.wpengine.com/articles/pink-biscuit-manufacturer-rivington-biscuits-goes-company-administration/
REDIRECT,news,52598,failed-arena-television-leaves-trail-of-losses-and-faces-fraud-probe,23,26,54.6,23 users; redirect to topical hub,Failed Arena Television Leaves Trail of Losses and Faces Fraud Probe,Failed Arena Television Leaves Trail of Losses and Faces Fraud Probe,https://comdebstage.wpengine.com/articles/failed-arena-television-leaves-trail-of-losses-and-faces-fraud-probe/
REDIRECT,news,52342,barnsley-shopping-centre-enters-receivership,25,28,19.8,25 users; redirect to topical hub,Barnsley Shopping Centre Enters Receivership,Barnsley Shopping Centre Enters Receivership,https://comdebstage.wpengine.com/articles/barnsley-shopping-centre-enters-receivership/
REDIRECT,news,9338,equestrian-failed-company-voluntary-arrangement-administration,26,29,25.5,26 users; redirect to topical hub,Failed Company Voluntary Arrangement for Equestrian Business Leads to Administration - Company Debt,Failed Company Voluntary Arrangement for Equestrian Business Leads to Administration,https://comdebstage.wpengine.com/articles/equestrian-failed-company-voluntary-arrangement-administration/
REDIRECT,news,49303,high-court-closes-insolvent-mini-bond-group,29,37,63.6,29 users; redirect to topical hub,High Court Closes Insolvent Mini-bond Group,High Court Closes Insolvent Mini-bond Group,https://comdebstage.wpengine.com/articles/high-court-closes-insolvent-mini-bond-group/
REDIRECT,news,9696,clothing-retailer-usc-close-30-unfashionable-stores,29,35,41.9,29 users; redirect to topical hub,USC Clothing - Retailer to Close 30 ‘Unfashionable’ Stores - Company Debt,USC Clothing – Retailer to Close 30 ‘Unfashionable’ Stores,https://comdebstage.wpengine.com/articles/clothing-retailer-usc-close-30-unfashionable-stores/
REDIRECT,news,50412,wayne-rooney-scores-21m-from-company-liquidation,30,34,47.4,30 users; redirect to topical hub,Wayne Rooney Scores £21m From Company Liquidation,Wayne Rooney Scores £21m From Company Liquidation,https://comdebstage.wpengine.com/articles/wayne-rooney-scores-21m-from-company-liquidation/
REDIRECT,news,52832,crackdown-on-directors-who-close-companies-to-avoid-debts,30,35,78.9,30 users; redirect to topical hub,Crackdown on Directors who Close Companies to Avoid Debts,Crackdown on Directors who Close Companies to Avoid Debts,https://comdebstage.wpengine.com/articles/crackdown-on-directors-who-close-companies-to-avoid-debts/
REDIRECT,news,20980,boulestin-avoids-closure,31,34,30.7,31 users; redirect to topical hub,London's Boulestin Avoids Closure as Administrators Find Buyer,London’s Boulestin Avoids Closure as Administrators Find Buyer,https://comdebstage.wpengine.com/articles/boulestin-avoids-closure/
REDIRECT,news,45894,bans-for-uk-directors-who-avoid-repaying-bounce-back-loans,33,38,29.8,33 users; redirect to topical hub,Bounce Back Loans,Bans for UK Directors Who Avoid Repaying Bounce Back Loans,https://comdebstage.wpengine.com/articles/bans-for-uk-directors-who-avoid-repaying-bounce-back-loans/
REDIRECT,news,10932,lengthy-disqualifications-for-four-directors-involved-in-vat-fraud,43,53,51.3,43 users; redirect to topical hub,Lengthy Disqualifications for Four Directors Involved in VAT Fraud - Company Debt,Lengthy Disqualifications for Four Directors Involved in VAT Fraud,https://comdebstage.wpengine.com/articles/lengthy-disqualifications-for-four-directors-involved-in-vat-fraud/
REDIRECT,news,9608,disqualified-directors-jailed-continuing-control-companies,44,53,77.0,44 users; redirect to topical hub,Disqualified Directors Jailed for Continuing to Control Companies - Company Debt,Disqualified Directors Jailed for Continuing to Control Companies,https://comdebstage.wpengine.com/articles/disqualified-directors-jailed-continuing-control-companies/
REVIEW-REFRESH,news,45349,can-manchester-united-get-out-from-under-its-455-5m-debt,66,67,44.5,66 users; worth proper rewrite or delete,Can Manchester United Get Out from Under its £455.5m Debt?,Can Manchester United Get Out from Under its £455.5m Debt?,https://comdebstage.wpengine.com/articles/can-manchester-united-get-out-from-under-its-455-5m-debt/
REVIEW-REFRESH,news,51921,bobby-davros-business-goes-bust,77,83,68.5,77 users; worth proper rewrite or delete,Bobby Davro’s Business Goes Bust,Bobby Davro’s Business Goes Bust,https://comdebstage.wpengine.com/articles/bobby-davros-business-goes-bust/
REVIEW-REFRESH,news,9951,insolvent-wine-scammers,101,120,76.1,101 users; worth proper rewrite or delete,Insolvent Wine Scammer soured by Winding up Petition - Company Debt,Insolvent Wine Scammer soured by Winding up Petition,https://comdebstage.wpengine.com/articles/insolvent-wine-scammers/
REVIEW-REFRESH,news,44929,is-harley-davidson-heading-for-a-crash,110,131,80.5,110 users; worth proper rewrite or delete,Is Harley-Davidson Heading for a Crash?,Is Harley-Davidson Heading for a Crash?,https://comdebstage.wpengine.com/articles/is-harley-davidson-heading-for-a-crash/
KEEP-LIGHT,services_to,50894,asset-based-and-other-lenders,0,0,0.0,Partner referral page,,Insolvency Support for Lenders,https://comdebstage.wpengine.com/services-to/asset-based-and-other-lenders/
KEEP-LIGHT,services_to,50889,banks,0,0,0.0,Partner referral page,,Insolvency Support for Banks,https://comdebstage.wpengine.com/services-to/banks/
KEEP-LIGHT,services_to,50825,solicitors,0,0,0.0,Partner referral page,,Insolvency Support for Solicitors,https://comdebstage.wpengine.com/services-to/solicitors/
KEEP-LIGHT,services_to,50710,accountants,0,0,0.0,Partner referral page,,Insolvency Support for Accountants,https://comdebstage.wpengine.com/services-to/accountants/
KEEP-LIGHT,services_to,51087,creditors,1,1,6.0,Partner referral page,Insolvency Support for Creditors,Insolvency Support for Creditors,https://comdebstage.wpengine.com/services-to/creditors/
KEEP-LIGHT,case_study,23462,individual-voluntary-arrangement,14,16,45.8,"Case study, 14 users",Individual Voluntary Arrangement (IVA) Explained: UK Debt Solution Guide,Individual Voluntary Arrangement Case Study,https://comdebstage.wpengine.com/case-studies/individual-voluntary-arrangement/
KEEP-REFRESH,sector,49739,recruitment,0,0,0.0,Sector landing page; refresh content properly,,Insolvency & Rescue Solutions for Recruitment Consultancies,https://comdebstage.wpengine.com/sectors/recruitment/
KEEP-REFRESH,sector,55751,insolvency-rescue-fish-chip-sector,0,0,0.0,Sector landing page; refresh content properly,,Insolvency & Rescue Solutions for the Fish & Chip Sector,https://comdebstage.wpengine.com/sectors/insolvency-rescue-fish-chip-sector/
KEEP-REFRESH,sector,49866,haulage,0,0,0.0,Sector landing page; refresh content properly,,Insolvency & Rescue Solutions for Haulage Companies,https://comdebstage.wpengine.com/sectors/haulage/
KEEP-REFRESH,sector,49898,energy,0,0,0.0,Sector landing page; refresh content properly,,Insolvency & Rescue Solutions for Energy Providers,https://comdebstage.wpengine.com/sectors/energy/
KEEP-REFRESH,sector,49906,schools,0,0,0.0,Sector landing page; refresh content properly,,Insolvency & Rescue Solutions for Schools,https://comdebstage.wpengine.com/sectors/schools/
KEEP-REFRESH,sector,49767,cleaning-contractors,1,6,0.0,Sector landing page; refresh content properly,Insolvency & Rescue Solutions for the Cleaning Sector,Insolvency & Rescue Solutions for the Cleaning Sector,https://comdebstage.wpengine.com/sectors/cleaning-contractors/
KEEP-REFRESH,sector,49831,manufacturing,1,1,7.0,Sector landing page; refresh content properly,Insolvency & Rescue Solutions for Manufacturing,Insolvency & Rescue Solutions for Manufacturing,https://comdebstage.wpengine.com/sectors/manufacturing/
KEEP-REFRESH,sector,49820,professional-services,1,1,36.0,Sector landing page; refresh content properly,Insolvency & Rescue Solutions for Professional Services Businesses,Insolvency & Rescue Solutions for Professional Services Businesses,https://comdebstage.wpengine.com/sectors/professional-services/
KEEP-REFRESH,sector,49873,gyms,1,1,11.0,Sector landing page; refresh content properly,Insolvency & Rescue Solutions for Gyms,Insolvency & Rescue Solutions for Gyms,https://comdebstage.wpengine.com/sectors/gyms/
KEEP-REFRESH,sector,49880,events,1,2,155.0,Sector landing page; refresh content properly,Insolvency & Rescue Solutions for Event Management Businesses,Insolvency & Rescue Solutions for Event Management Businesses,https://comdebstage.wpengine.com/sectors/events/
KEEP-REFRESH,sector,49706,taxi-companies,1,1,0.0,Sector landing page; refresh content properly,Insolvency & Rescue Solutions for Taxi Companies,Insolvency & Rescue Solutions for Taxi Companies,https://comdebstage.wpengine.com/sectors/taxi-companies/
KEEP-REFRESH,sector,49810,property,2,2,65.5,Sector landing page; refresh content properly,Insolvency & Rescue Solutions for the Property Sector,Insolvency & Rescue Solutions for the Property Sector,https://comdebstage.wpengine.com/sectors/property/
KEEP-REFRESH,sector,49849,dry-cleaning-laundry,2,2,18.0,Sector landing page; refresh content properly,Insolvency & Rescue Solutions for Laundry and Dry Cleaning Providers,Insolvency & Rescue Solutions for Laundry and Dry Cleaning Providers,https://comdebstage.wpengine.com/sectors/dry-cleaning-laundry/
KEEP-REFRESH,sector,49856,hotels,2,3,6.5,Sector landing page; refresh content properly,Insolvency & Rescue Solutions for Hotels,Insolvency & Rescue Solutions for Hotels,https://comdebstage.wpengine.com/sectors/hotels/
KEEP-REFRESH,sector,49890,entertainment,2,2,44.5,Sector landing page; refresh content properly,Insolvency & Rescue Solutions for Entertainment Businesses,Insolvency & Rescue Solutions for Entertainment Businesses,https://comdebstage.wpengine.com/sectors/entertainment/
KEEP-REFRESH,sector,48758,automotive,3,5,16.0,Sector landing page; refresh content properly,Insolvency & Rescue Solutions for the Automotive Sector,Insolvency & Rescue Solutions for the Automotive Sector,https://comdebstage.wpengine.com/sectors/automotive/
KEEP-REFRESH,sector,49839,leisure,4,4,24.2,Sector landing page; refresh content properly,Insolvency & Rescue Solutions for Leisure Businesses,Insolvency & Rescue Solutions for Leisure Businesses,https://comdebstage.wpengine.com/sectors/leisure/
KEEP-REFRESH,sector,49727,restaurants,5,5,25.4,Sector landing page; refresh content properly,Insolvency & Rescue Solutions for Restaurants,Insolvency & Rescue Solutions for Restaurants,https://comdebstage.wpengine.com/sectors/restaurants/
KEEP-REFRESH,sector,49699,travel,5,5,0.0,Sector landing page; refresh content properly,Insolvency & Rescue Solutions for the Travel Sector,Insolvency & Rescue Solutions for the Travel Sector,https://comdebstage.wpengine.com/sectors/travel/
KEEP-REFRESH,sector,52222,insolvency-rescue-solutions-for-garden-centers,5,5,23.6,Sector landing page; refresh content properly,Insolvency & Rescue Solutions for Garden Centers,Insolvency & Rescue Solutions for Garden Centers,https://comdebstage.wpengine.com/sectors/insolvency-rescue-solutions-for-garden-centers/
KEEP-REFRESH,sector,49694,childcare,5,5,0.4,Sector landing page; refresh content properly,Insolvency & Rescue Solutions for the Childcare Sector,Insolvency & Rescue Solutions for the Childcare Sector,https://comdebstage.wpengine.com/sectors/childcare/
KEEP-REFRESH,sector,49550,charity,5,8,89.2,Sector landing page; refresh content properly,Insolvency & Rescue Solutions for the Charity and Non-Profit Sector,Insolvency & Rescue Solutions for the Charity and Non-Profit Sector,https://comdebstage.wpengine.com/sectors/charity/
KEEP-REFRESH,sector,49717,retail,8,11,49.5,Sector landing page; refresh content properly,Insolvency & Rescue Solutions for Retail Businesses,Insolvency & Rescue Solutions for Retail Businesses,https://comdebstage.wpengine.com/sectors/retail/
KEEP-REFRESH,sector,49488,carehomes,9,10,68.3,Sector landing page; refresh content properly,Insolvency & Rescue Solutions for the Care Home Sector,Insolvency & Rescue Solutions for the Care Home Sector,https://comdebstage.wpengine.com/sectors/carehomes/
KEEP-REFRESH,sector,49778,construction,11,12,42.5,Sector landing page; refresh content properly,Insolvency & Rescue Solutions for the Construction Sector,Insolvency & Rescue Solutions for the Construction Sector,https://comdebstage.wpengine.com/sectors/construction/
KEEP,hub,77694,articles-insights-hub,1,4,19.0,Hub page,Articles & Insights Hub,Articles & Insights Hub,https://comdebstage.wpengine.com/business-insolvency/articles-insights-hub/
