"period","year","month","total_ew_sa","compliq_ew_sa","cvl_ew_sa","admin_ew_sa","total_ew_nsa","compliq_ew_nsa","cvl_ew_nsa","admin_ew_nsa","cva_ew_nsa","rec_ew_nsa","mor_ew_nsa","restplan_ew_nsa","tot_rate_ew","compliq_rate_ew","cvl_rate_ew","admin_rate_ew","cva_rate_ew","rec_rate_ew","adcvl_ew_nsa","adcvl_rate_ew","cvl_with_bulk_ew","cvl_with_bulk_rate_ew","total_sc_nsa","compliq_sc_nsa","cvl_sc_nsa","admin_sc_nsa","cva_sc_nsa","rec_sc_nsa","mor_sc_nsa","restplan_sc_nsa","tot_rate_sc","compliq_rate_sc","cvl_rate_sc","admin_rate_sc","cva_rate_sc","rec_rate_sc","adcvl_sc_nsa","adcvl_rate_sc","total_ni_nsa","compliq_ni_nsa","cvl_ni_nsa","admin_ni_nsa","cva_ni_nsa","rec_ni_nsa","mor_ni_nsa","restplan_ni_nsa","tot_rate_ni","compliq_rate_ni","cvl_rate_ni","admin_rate_ni","cva_rate_ni","rec_rate_ni","adcvl_ni_nsa","adcvl_rate_ni"
"2000-01",2000,1,1342,396,760,29,1162,396,581,28,44,113,"[z]","[z]","[x]","[x]","[x]","[x]","[x]","[x]",0,"[x]",581,"[x]",34,11,17,1,0,5,"[z]","[z]","[x]","[x]","[x]","[x]","[x]","[x]",0,"[x]","[x]","[x]","[x]","[x]","[x]","[x]","[z]","[z]","[x]","[x]","[x]","[x]","[x]","[x]","[x]","[x]"
"2000-02",2000,2,1181,329,705,38,1246,334,761,42,33,76,"[z]","[z]","[x]","[x]","[x]","[x]","[x]","[x]",0,"[x]",761,"[x]",41,6,21,1,1,12,"[z]","[z]","[x]","[x]","[x]","[x]","[x]","[x]",0,"[x]","[x]","[x]","[x]","[x]","[x]","[x]","[z]","[z]","[x]","[x]","[x]","[x]","[x]","[x]","[x]","[x]"
"2000-03",2000,3,1326,399,762,26,1588,480,942,27,48,91,"[z]","[z]","[x]","[x]","[x]","[x]","[x]","[x]",0,"[x]",942,"[x]",41,9,26,0,0,6,"[z]","[z]","[x]","[x]","[x]","[x]","[x]","[x]",0,"[x]","[x]","[x]","[x]","[x]","[x]","[x]","[z]","[z]","[x]","[x]","[x]","[x]","[x]","[x]","[x]","[x]"
"2000-04",2000,4,1255,367,720,37,1195,371,655,38,49,82,"[z]","[z]","[x]","[x]","[x]","[x]","[x]","[x]",0,"[x]",655,"[x]",42,11,25,1,0,5,"[z]","[z]","[x]","[x]","[x]","[x]","[x]","[x]",0,"[x]","[x]","[x]","[x]","[x]","[x]","[x]","[z]","[z]","[x]","[x]","[x]","[x]","[x]","[x]","[x]","[x]"
"2000-05",2000,5,1272,399,696,31,1313,472,659,36,55,91,"[z]","[z]","[x]","[x]","[x]","[x]","[x]","[x]",0,"[x]",659,"[x]",38,6,23,0,0,9,"[z]","[z]","[x]","[x]","[x]","[x]","[x]","[x]",0,"[x]","[x]","[x]","[x]","[x]","[x]","[x]","[z]","[z]","[x]","[x]","[x]","[x]","[x]","[x]","[x]","[x]"
"2000-06",2000,6,1250,429,668,35,1300,457,690,35,45,73,"[z]","[z]","[x]","[x]","[x]","[x]","[x]","[x]",0,"[x]",690,"[x]",38,9,21,0,0,8,"[z]","[z]","[x]","[x]","[x]","[x]","[x]","[x]",0,"[x]","[x]","[x]","[x]","[x]","[x]","[x]","[z]","[z]","[x]","[x]","[x]","[x]","[x]","[x]","[x]","[x]"
"2000-07",2000,7,1325,472,717,16,1347,458,748,21,30,90,"[z]","[z]","[x]","[x]","[x]","[x]","[x]","[x]",0,"[x]",748,"[x]",33,4,20,0,0,9,"[z]","[z]","[x]","[x]","[x]","[x]","[x]","[x]",0,"[x]","[x]","[x]","[x]","[x]","[x]","[x]","[z]","[z]","[x]","[x]","[x]","[x]","[x]","[x]","[x]","[x]"
"2000-08",2000,8,1371,441,732,68,1281,326,772,53,43,87,"[z]","[z]","[x]","[x]","[x]","[x]","[x]","[x]",0,"[x]",772,"[x]",38,13,14,0,0,11,"[z]","[z]","[x]","[x]","[x]","[x]","[x]","[x]",0,"[x]","[x]","[x]","[x]","[x]","[x]","[x]","[z]","[z]","[x]","[x]","[x]","[x]","[x]","[x]","[x]","[x]"
"2000-09",2000,9,1345,461,746,25,1275,447,693,22,47,66,"[z]","[z]","[x]","[x]","[x]","[x]","[x]","[x]",0,"[x]",693,"[x]",35,9,18,0,2,6,"[z]","[z]","[x]","[x]","[x]","[x]","[x]","[x]",0,"[x]","[x]","[x]","[x]","[x]","[x]","[x]","[z]","[z]","[x]","[x]","[x]","[x]","[x]","[x]","[x]","[x]"
"2000-10",2000,10,1364,420,763,30,1369,457,726,35,44,107,"[z]","[z]","[x]","[x]","[x]","[x]","[x]","[x]",0,"[x]",726,"[x]",38,12,23,0,0,3,"[z]","[z]","[x]","[x]","[x]","[x]","[x]","[x]",0,"[x]","[x]","[x]","[x]","[x]","[x]","[x]","[z]","[z]","[x]","[x]","[x]","[x]","[x]","[x]","[x]","[x]"
"2000-11",2000,11,1330,382,760,36,1349,359,805,33,56,96,"[z]","[z]","[x]","[x]","[x]","[x]","[x]","[x]",0,"[x]",805,"[x]",34,5,23,1,0,5,"[z]","[z]","[x]","[x]","[x]","[x]","[x]","[x]",0,"[x]","[x]","[x]","[x]","[x]","[x]","[x]","[z]","[z]","[x]","[x]","[x]","[x]","[x]","[x]","[x]","[x]"
"2000-12",2000,12,1344,431,744,43,1279,368,741,44,57,69,"[z]","[z]","[x]","[x]","[x]","[x]","[x]","[x]",0,"[x]",741,"[x]",26,3,16,2,0,5,"[z]","[z]","[x]","[x]","[x]","[x]","[x]","[x]",0,"[x]","[x]","[x]","[x]","[x]","[x]","[x]","[z]","[z]","[x]","[x]","[x]","[x]","[x]","[x]","[x]","[x]"
"2001-01",2001,1,1408,423,758,47,1298,450,623,45,60,120,"[z]","[z]","113.3","35.1","67","3.3","4.3","8",0,"0",623,"67",34,10,16,1,0,7,"[z]","[z]","58.3","13","33","0.8","0.4","11.5",0,"0","[x]","[x]","[x]","[x]","[x]","[x]","[z]","[z]","[x]","[x]","[x]","[x]","[x]","[x]","[x]","[x]"
"2001-02",2001,2,1413,459,766,35,1416,437,792,34,32,121,"[z]","[z]","114.1","35.8","66.9","3.2","4.3","8.3",0,"0",792,"66.9",47,6,28,0,1,12,"[z]","[z]","58.9","12.9","33.8","0.7","0.4","11.5",0,"0","[x]","[x]","[x]","[x]","[x]","[x]","[z]","[z]","[x]","[x]","[x]","[x]","[x]","[x]","[x]","[x]"
"2001-03",2001,3,1299,416,689,52,1481,472,821,46,40,102,"[z]","[z]","112.8","35.5","65.6","3.3","4.2","8.3",0,"0",821,"65.6",37,7,20,1,0,9,"[z]","[z]","58.1","12.6","32.8","0.8","0.4","11.8",0,"0","[x]","[x]","[x]","[x]","[x]","[x]","[z]","[z]","[x]","[x]","[x]","[x]","[x]","[x]","[x]","[x]"
"2001-04",2001,4,1454,493,750,47,1434,512,711,47,53,111,"[z]","[z]","114.3","36.7","65.8","3.4","4.2","8.5",0,"0",711,"65.8",38,5,27,0,0,6,"[z]","[z]","57.3","11.8","32.9","0.7","0.4","11.9",0,"0","[x]","[x]","[x]","[x]","[x]","[x]","[z]","[z]","[x]","[x]","[x]","[x]","[x]","[x]","[x]","[x]"
"2001-05",2001,5,1294,365,736,56,1320,425,698,60,60,77,"[z]","[z]","113.7","36","65.8","3.5","4.2","8.3",0,"0",698,"65.8",32,9,17,0,0,6,"[z]","[z]","56.2","12.1","32","0.7","0.4","11.5",0,"0","[x]","[x]","[x]","[x]","[x]","[x]","[z]","[z]","[x]","[x]","[x]","[x]","[x]","[x]","[x]","[x]"
"2001-06",2001,6,1385,406,797,40,1382,411,794,35,48,94,"[z]","[z]","113.8","35.6","66.3","3.5","4.2","8.5",0,"0",794,"66.3",30,11,14,0,0,5,"[z]","[z]","54.9","12.3","30.9","0.7","0.4","11",0,"0","[x]","[x]","[x]","[x]","[x]","[x]","[z]","[z]","[x]","[x]","[x]","[x]","[x]","[x]","[x]","[x]"
"2001-07",2001,7,1336,411,763,50,1403,405,826,60,42,70,"[z]","[z]","113.7","34.9","66.6","3.8","4.3","8.3",0,"0",826,"66.6",22,6,12,1,0,3,"[z]","[z]","53.2","12.5","29.8","0.8","0.4","10.2",0,"0","[x]","[x]","[x]","[x]","[x]","[x]","[z]","[z]","[x]","[x]","[x]","[x]","[x]","[x]","[x]","[x]"
"2001-08",2001,8,1269,308,783,48,1218,228,824,36,51,79,"[z]","[z]","112.8","34.2","66.8","3.7","4.4","8.2",0,"0",824,"66.8",32,8,12,1,1,10,"[z]","[z]","52.1","11.8","29.4","0.9","0.5","10",0,"0","[x]","[x]","[x]","[x]","[x]","[x]","[z]","[z]","[x]","[x]","[x]","[x]","[x]","[x]","[x]","[x]"
"2001-09",2001,9,1301,332,785,63,1178,307,700,50,49,72,"[z]","[z]","111.9","33.2","66.6","3.9","4.4","8.2",0,"0",700,"66.6",29,6,16,0,0,7,"[z]","[z]","51.4","11.4","29","0.9","0.3","10.1",0,"0","[x]","[x]","[x]","[x]","[x]","[x]","[z]","[z]","[x]","[x]","[x]","[x]","[x]","[x]","[x]","[x]"
"2001-10",2001,10,1457,345,773,154,1523,384,767,187,51,134,"[z]","[z]","112.7","32.6","66.7","5","4.4","8.4",0,"0",767,"66.7",32,8,21,0,0,3,"[z]","[z]","50.4","10.8","28.6","0.9","0.3","10.1",0,"0","[x]","[x]","[x]","[x]","[x]","[x]","[z]","[z]","[x]","[x]","[x]","[x]","[x]","[x]","[x]","[x]"
"2001-11",2001,11,1426,352,821,64,1446,332,868,57,64,125,"[z]","[z]","113.1","32.4","67","5.1","4.4","8.6",0,"0",868,"67",46,9,26,0,0,11,"[z]","[z]","51.7","11.3","28.9","0.8","0.3","10.8",0,"0","[x]","[x]","[x]","[x]","[x]","[x]","[z]","[z]","[x]","[x]","[x]","[x]","[x]","[x]","[x]","[x]"
"2001-12",2001,12,1359,364,829,44,1304,312,826,44,48,74,"[z]","[z]","113.1","32","67.4","5.1","4.4","8.6",0,"0",826,"67.4",30,11,18,0,0,1,"[z]","[z]","52.1","12.3","29","0.5","0.3","10.2",0,"0","[x]","[x]","[x]","[x]","[x]","[x]","[z]","[z]","[x]","[x]","[x]","[x]","[x]","[x]","[x]","[x]"
"2002-01",2002,1,1454,396,815,77,1329,417,671,75,46,120,"[z]","[z]","113.1","31.7","67.6","5.3","4.2","8.6",0,"0",671,"67.6",43,11,20,2,0,10,"[z]","[z]","53","12.4","29.4","0.6","0.3","10.6",0,"0","[x]","[x]","[x]","[x]","[x]","[x]","[z]","[z]","[x]","[x]","[x]","[x]","[x]","[x]","[x]","[x]"
"2002-02",2002,2,1428,447,796,46,1449,434,830,46,54,85,"[z]","[z]","112.9","31.6","67.6","5.4","4.4","8.3",0,"0",830,"67.6",52,21,23,1,1,6,"[z]","[z]","53.4","14.2","28.7","0.8","0.3","9.8",0,"0","[x]","[x]","[x]","[x]","[x]","[x]","[z]","[z]","[x]","[x]","[x]","[x]","[x]","[x]","[x]","[x]"
"2002-03",2002,3,1602,592,840,55,1624,557,904,48,48,67,"[z]","[z]","114.2","32.8","68","5.4","4.4","8",0,"0",904,"68",55,23,21,2,0,9,"[z]","[z]","55.5","16.2","28.7","0.9","0.3","9.7",0,"0","[x]","[x]","[x]","[x]","[x]","[x]","[z]","[z]","[x]","[x]","[x]","[x]","[x]","[x]","[x]","[x]"
"2002-04",2002,4,1410,472,754,39,1565,586,792,42,58,87,"[z]","[z]","113.9","32.3","68.4","5.3","4.5","7.8",0,"0",792,"68.4",54,18,29,1,0,6,"[z]","[z]","57.3","17.8","28.8","1","0.3","9.7",0,"0","[x]","[x]","[x]","[x]","[x]","[x]","[z]","[z]","[x]","[x]","[x]","[x]","[x]","[x]","[x]","[x]"
"2002-05",2002,5,1615,534,889,47,1678,630,852,51,58,87,"[z]","[z]","116.3","33.9","69.3","5.2","4.4","7.9",0,"0",852,"69.3",33,17,7,0,0,9,"[z]","[z]","57.2","18.7","27.5","1","0.3","10",0,"0","[x]","[x]","[x]","[x]","[x]","[x]","[z]","[z]","[x]","[x]","[x]","[x]","[x]","[x]","[x]","[x]"
"2002-06",2002,6,1411,472,768,55,1372,463,744,49,32,84,"[z]","[z]","115.8","33.9","68.7","5.3","4.3","7.8",0,"0",744,"68.7",34,11,14,1,0,8,"[z]","[z]","57.5","18.6","27.4","1.1","0.2","10.4",0,"0","[x]","[x]","[x]","[x]","[x]","[x]","[z]","[z]","[x]","[x]","[x]","[x]","[x]","[x]","[x]","[x]"
"2002-07",2002,7,1481,483,772,52,1600,495,863,68,58,116,"[z]","[z]","117","34.9","68.7","5.4","4.4","8.1",0,"0",863,"68.7",60,16,20,3,0,21,"[z]","[z]","62","19.8","28.2","1.4","0.2","12.6",0,"0","[x]","[x]","[x]","[x]","[x]","[x]","[z]","[z]","[x]","[x]","[x]","[x]","[x]","[x]","[x]","[x]"
"2002-08",2002,8,1616,637,782,52,1449,471,793,40,58,87,"[z]","[z]","117.8","36.2","68.2","5.4","4.4","8.1",0,"0",793,"68.2",34,19,9,0,1,5,"[z]","[z]","61.9","21.1","27.7","1.2","0.2","11.9",0,"0","[x]","[x]","[x]","[x]","[x]","[x]","[z]","[z]","[x]","[x]","[x]","[x]","[x]","[x]","[x]","[x]"
"2002-09",2002,9,1416,439,786,54,1331,424,723,47,57,80,"[z]","[z]","118.5","37","68.1","5.3","4.5","8.1",0,"0",723,"68.1",31,12,13,0,0,6,"[z]","[z]","61.9","21.7","27.2","1.2","0.2","11.7",0,"0","[x]","[x]","[x]","[x]","[x]","[x]","[z]","[z]","[x]","[x]","[x]","[x]","[x]","[x]","[x]","[x]"
"2002-10",2002,10,1766,674,912,57,1854,754,906,71,47,76,"[z]","[z]","120.1","39.3","68.7","4.5","4.4","7.6",0,"0",906,"68.7",36,9,23,0,0,4,"[z]","[z]","62","21.7","27.3","1.2","0.2","11.8",0,"0","[x]","[x]","[x]","[x]","[x]","[x]","[z]","[z]","[x]","[x]","[x]","[x]","[x]","[x]","[x]","[x]"
"2002-11",2002,11,1600,681,758,39,1567,641,770,34,56,66,"[z]","[z]","120.2","41.2","67.6","4.3","4.3","7.2",0,"0",770,"67.6",40,17,15,0,0,8,"[z]","[z]","60.9","22.5","25.8","1.2","0.2","11.3",0,"0","[x]","[x]","[x]","[x]","[x]","[x]","[z]","[z]","[x]","[x]","[x]","[x]","[x]","[x]","[x]","[x]"
"2002-12",2002,12,1346,404,757,55,1324,359,779,56,65,65,"[z]","[z]","119.4","41.1","66.9","4.4","4.4","7.1",0,"0",779,"66.9",47,15,16,0,0,16,"[z]","[z]","62.6","22.9","25.4","1.2","0.2","13.1",0,"0","[x]","[x]","[x]","[x]","[x]","[x]","[z]","[z]","[x]","[x]","[x]","[x]","[x]","[x]","[x]","[x]"
"2003-01",2003,1,1370,521,683,42,1278,542,570,42,51,73,"[z]","[z]","118.4","41.8","65.7","4.1","4.4","6.7",0,"0",570,"65.7",52,18,25,0,0,9,"[z]","[z]","63.3","23.6","25.9","1","0.2","12.9",0,"0","[x]","[x]","[x]","[x]","[x]","[x]","[z]","[z]","[x]","[x]","[x]","[x]","[x]","[x]","[x]","[x]"
"2003-02",2003,2,1495,515,769,74,1525,508,805,75,49,88,"[z]","[z]","118","41.9","65.1","4.3","4.4","6.7",0,"0",805,"65.1",40,13,12,4,0,11,"[z]","[z]","61.5","22.4","24.4","1.3","0.1","13.4",0,"0","[x]","[x]","[x]","[x]","[x]","[x]","[z]","[z]","[x]","[x]","[x]","[x]","[x]","[x]","[x]","[x]"
"2003-03",2003,3,1364,519,657,45,1468,535,751,39,64,79,"[z]","[z]","115.6","41.1","63.6","4.2","4.4","6.7",0,"0",751,"63.6",52,12,18,1,0,21,"[z]","[z]","60.7","21","23.8","1.2","0.1","14.7",0,"0","[x]","[x]","[x]","[x]","[x]","[x]","[z]","[z]","[x]","[x]","[x]","[x]","[x]","[x]","[x]","[x]"
"2003-04",2003,4,1332,347,799,58,1353,376,787,62,60,68,"[z]","[z]","114.1","40.3","63","4.3","4.4","6.5",0,"0",787,"63",52,22,21,0,0,9,"[z]","[z]","59.9","21.3","22.7","1.1","0.1","14.9",0,"0","[x]","[x]","[x]","[x]","[x]","[x]","[z]","[z]","[x]","[x]","[x]","[x]","[x]","[x]","[x]","[x]"
"2003-05",2003,5,1450,512,770,55,1466,578,721,54,40,73,"[z]","[z]","111.3","39.2","61.6","4.3","4.3","6.4",0,"0",721,"61.6",48,25,17,0,0,6,"[z]","[z]","61.1","22","23.6","1","0.1","14.4",0,"0","[x]","[x]","[x]","[x]","[x]","[x]","[z]","[z]","[x]","[x]","[x]","[x]","[x]","[x]","[x]","[x]"
"2003-06",2003,6,1485,520,789,54,1482,516,793,51,56,66,"[z]","[z]","111.1","39.4","61.3","4.2","4.4","6.2",0,"0",793,"61.3",36,12,16,0,3,5,"[z]","[z]","60.4","21.9","23.6","0.9","0.5","14",0,"0","[x]","[x]","[x]","[x]","[x]","[x]","[z]","[z]","[x]","[x]","[x]","[x]","[x]","[x]","[x]","[x]"
"2003-07",2003,7,1437,403,816,62,1539,404,901,78,59,97,"[z]","[z]","109.2","38","61","4.3","4.3","6",0,"0",901,"61",55,18,23,0,0,14,"[z]","[z]","59.3","21.9","23.8","0.6","0.5","13",0,"0","[x]","[x]","[x]","[x]","[x]","[x]","[z]","[z]","[x]","[x]","[x]","[x]","[x]","[x]","[x]","[x]"
"2003-08",2003,8,1213,373,665,46,1082,273,645,35,55,74,"[z]","[z]","106","36.6","59.4","4.2","4.3","5.9",0,"0",645,"59.4",19,5,7,1,0,6,"[z]","[z]","57.1","20.1","23.3","0.7","0.3","13",0,"0","[x]","[x]","[x]","[x]","[x]","[x]","[z]","[z]","[x]","[x]","[x]","[x]","[x]","[x]","[x]","[x]"
"2003-09",2003,9,1337,400,755,50,1290,398,715,45,58,74,"[z]","[z]","104.6","36","58.7","4.1","4.2","5.8",0,"0",715,"58.7",46,20,19,0,1,6,"[z]","[z]","58.1","20.8","23.7","0.7","0.4","12.9",0,"0","[x]","[x]","[x]","[x]","[x]","[x]","[z]","[z]","[x]","[x]","[x]","[x]","[x]","[x]","[x]","[x]"
"2003-10",2003,10,1304,357,708,75,1357,394,707,92,49,115,"[z]","[z]","100.1","33.1","56.9","4.2","4.2","6",0,"0",707,"56.9",43,14,14,1,0,14,"[z]","[z]","58.3","21.2","22.5","0.8","0.4","13.9",0,"0","[x]","[x]","[x]","[x]","[x]","[x]","[z]","[z]","[x]","[x]","[x]","[x]","[x]","[x]","[x]","[x]"
"2003-11",2003,11,1264,347,710,81,1208,326,689,67,61,65,"[z]","[z]","97.2","31.2","55.7","4.4","4.2","5.9",0,"0",689,"55.7",35,10,17,2,1,5,"[z]","[z]","57.1","20.2","22.5","1","0.5","13.4",0,"0","[x]","[x]","[x]","[x]","[x]","[x]","[z]","[z]","[x]","[x]","[x]","[x]","[x]","[x]","[x]","[x]"
"2003-12",2003,12,1378,420,711,100,1382,384,749,102,75,72,"[z]","[z]","96.5","31.1","55","4.6","4.2","5.9",1,"0",749,"55",27,5,13,0,2,7,"[z]","[z]","54.1","18.9","22","1","0.8","12.3",0,"0","[x]","[x]","[x]","[x]","[x]","[x]","[z]","[z]","[x]","[x]","[x]","[x]","[x]","[x]","[x]","[x]"
"2004-01",2004,1,1389,474,705,98,1245,464,573,96,61,51,"[z]","[z]","95.3","30.2","54.4","4.9","4.2","5.7",1,"0",573,"54.4",37,11,14,3,1,8,"[z]","[z]","51.9","18","20.6","1.3","0.9","12.1",0,"0","[x]","[x]","[x]","[x]","[x]","[x]","[z]","[z]","[x]","[x]","[x]","[x]","[x]","[x]","[x]","[x]"
"2004-02",2004,2,1155,338,605,111,1201,344,640,116,43,58,"[z]","[z]","92.4","29","52.9","5.1","4.2","5.4",3,"0",640,"52.9",42,8,16,3,0,15,"[z]","[z]","51.6","17.3","20.8","1.2","0.9","12.4",1,"0.1","[x]","[x]","[x]","[x]","[x]","[x]","[z]","[z]","[x]","[x]","[x]","[x]","[x]","[x]","[x]","[x]"
"2004-03",2004,3,1320,373,731,105,1501,400,887,103,53,58,"[z]","[z]","91.9","28","53.2","5.4","4","5.3",5,"0.1",887,"53.2",44,11,23,1,1,8,"[z]","[z]","50.2","17","21.1","1.2","1","10.9",0,"0.1","[x]","[x]","[x]","[x]","[x]","[x]","[z]","[z]","[x]","[x]","[x]","[x]","[x]","[x]","[x]","[x]"
"2004-04",2004,4,1328,407,700,125,1356,441,683,136,46,50,"[z]","[z]","90.6","27.6","52.1","5.8","3.9","5.1",5,"0.1",683,"52.1",37,17,11,1,1,7,"[z]","[z]","48.1","16.4","19.9","1.3","1","10.6",0,"0.1","[x]","[x]","[x]","[x]","[x]","[x]","[z]","[z]","[x]","[x]","[x]","[x]","[x]","[x]","[x]","[x]"
"2004-05",2004,5,1217,359,639,121,1182,389,583,112,50,48,"[z]","[z]","88.5","26.7","50.8","6.1","3.9","4.9",5,"0.1",583,"50.8",37,17,12,4,0,4,"[z]","[z]","46.6","15.4","19.2","1.7","1","10.3",0,"0.1","[x]","[x]","[x]","[x]","[x]","[x]","[z]","[z]","[x]","[x]","[x]","[x]","[x]","[x]","[x]","[x]"
"2004-06",2004,6,1218,357,638,140,1257,367,664,143,38,45,"[z]","[z]","86.5","25.6","49.6","6.6","3.8","4.7",9,"0.2",664,"49.6",44,11,17,4,3,9,"[z]","[z]","47","15.2","19.2","2.1","1","10.6",0,"0.1","[x]","[x]","[x]","[x]","[x]","[x]","[z]","[z]","[x]","[x]","[x]","[x]","[x]","[x]","[x]","[x]"
"2004-07",2004,7,1215,370,630,115,1259,362,660,137,43,57,"[z]","[z]","84.3","25.2","47.8","6.9","3.7","4.5",7,"0.2",660,"47.8",36,11,16,4,0,5,"[z]","[z]","44.7","14.3","18.3","2.5","1","9.6",0,"0.1","[x]","[x]","[x]","[x]","[x]","[x]","[z]","[z]","[x]","[x]","[x]","[x]","[x]","[x]","[x]","[x]"
"2004-08",2004,8,1335,428,637,166,1211,334,630,143,56,48,"[z]","[z]","84.4","25.3","47.3","7.5","3.7","4.3",10,"0.3",630,"47.3",49,19,19,4,1,6,"[z]","[z]","47.4","15.7","19.4","2.7","1.1","9.6",0,"0.1","[x]","[x]","[x]","[x]","[x]","[x]","[z]","[z]","[x]","[x]","[x]","[x]","[x]","[x]","[x]","[x]"
"2004-09",2004,9,1188,360,614,154,1149,365,579,145,37,23,"[z]","[z]","83.4","25.2","46.2","8","3.5","4",18,"0.4",579,"46.2",35,16,15,1,0,3,"[z]","[z]","46","15.1","18.9","2.8","1","9.2",2,"0.3","[x]","[x]","[x]","[x]","[x]","[x]","[z]","[z]","[x]","[x]","[x]","[x]","[x]","[x]","[x]","[x]"
"2004-10",2004,10,1305,374,675,162,1285,381,629,181,46,48,"[z]","[z]","82.3","24.8","45.5","8.5","3.5","3.6",38,"0.6",629,"45.5",43,25,13,1,0,4,"[z]","[z]","45.7","16.1","18.6","2.8","1","8.1",0,"0.3","[x]","[x]","[x]","[x]","[x]","[x]","[z]","[z]","[x]","[x]","[x]","[x]","[x]","[x]","[x]","[x]"
"2004-11",2004,11,1169,374,548,150,1203,397,568,141,42,55,"[z]","[z]","81.9","25.1","44.5","8.8","3.3","3.5",31,"0.8",568,"44.5",40,16,17,3,0,4,"[z]","[z]","46","16.6","18.5","2.9","0.9","8",1,"0.4","[x]","[x]","[x]","[x]","[x]","[x]","[z]","[z]","[x]","[x]","[x]","[x]","[x]","[x]","[x]","[x]"
"2004-12",2004,12,1266,371,678,143,1255,340,703,138,39,35,"[z]","[z]","80.9","24.7","44","9","3.1","3.2",29,"0.9",703,"44",24,7,11,1,0,5,"[z]","[z]","45.6","16.7","18.2","3","0.7","7.7",0,"0.4","[x]","[x]","[x]","[x]","[x]","[x]","[z]","[z]","[x]","[x]","[x]","[x]","[x]","[x]","[x]","[x]"
"2005-01",2005,1,1195,354,638,140,1044,330,513,138,43,20,"[z]","[z]","79.4","23.9","43.4","9.2","3","3.1",48,"1.2",513,"43.4",50,25,13,3,1,8,"[z]","[z]","46.7","18","18","3","0.7","7.7",0,"0.4","[x]","[x]","[x]","[x]","[x]","[x]","[z]","[z]","[x]","[x]","[x]","[x]","[x]","[x]","[x]","[x]"
"2005-02",2005,2,1311,429,638,165,1369,439,673,178,59,20,"[z]","[z]","79.8","24.2","43.3","9.4","3.1","2.8",68,"1.5",673,"43.3",45,25,13,4,1,2,"[z]","[z]","46.6","19.6","17.6","3","0.8","6.4",0,"0.3","[x]","[x]","[x]","[x]","[x]","[x]","[z]","[z]","[x]","[x]","[x]","[x]","[x]","[x]","[x]","[x]"
"2005-03",2005,3,1258,360,645,162,1326,332,741,162,56,35,"[z]","[z]","78.3","23.6","42.2","9.7","3.1","2.7",74,"1.9",741,"42.2",48,20,23,2,0,3,"[z]","[z]","46.8","20.3","17.5","3.1","0.7","5.8",0,"0.3","[x]","[x]","[x]","[x]","[x]","[x]","[z]","[z]","[x]","[x]","[x]","[x]","[x]","[x]","[x]","[x]"
"2005-04",2005,4,1364,410,659,213,1442,482,658,220,60,22,"[z]","[z]","78.4","23.9","41.8","10.1","3.1","2.5",53,"2.1",658,"41.8",56,25,16,1,1,13,"[z]","[z]","48.4","21","17.9","3.1","0.7","6.4",0,"0.3","[x]","[x]","[x]","[x]","[x]","[x]","[z]","[z]","[x]","[x]","[x]","[x]","[x]","[x]","[x]","[x]"
"2005-05",2005,5,1413,450,691,175,1431,496,673,165,59,38,"[z]","[z]","79.4","24.5","42.1","10.4","3.2","2.4",50,"2.4",673,"42.1",37,17,12,4,1,3,"[z]","[z]","48","20.9","17.8","3.1","0.8","6.3",1,"0.4","[x]","[x]","[x]","[x]","[x]","[x]","[z]","[z]","[x]","[x]","[x]","[x]","[x]","[x]","[x]","[x]"
"2005-06",2005,6,1370,432,675,188,1419,444,705,195,47,28,"[z]","[z]","79.8","24.8","42.1","10.6","3.2","2.3",45,"2.6",705,"42.1",56,26,18,2,0,10,"[z]","[z]","49.2","22.2","17.8","2.9","0.5","6.3",0,"0.4","[x]","[x]","[x]","[x]","[x]","[x]","[z]","[z]","[x]","[x]","[x]","[x]","[x]","[x]","[x]","[x]"
"2005-07",2005,7,1412,492,634,206,1425,478,641,226,46,34,"[z]","[z]","80.4","25.4","41.7","11","3.2","2.2",35,"2.7",641,"41.7",48,22,19,2,2,3,"[z]","[z]","49.8","23.1","18","2.7","0.7","6.1",0,"0.4","[x]","[x]","[x]","[x]","[x]","[x]","[z]","[z]","[x]","[x]","[x]","[x]","[x]","[x]","[x]","[x]"
"2005-08",2005,8,1406,453,690,208,1332,375,703,199,38,17,"[z]","[z]","81.4","26.3","41.9","11.2","3.1","2",46,"2.9",703,"41.9",39,16,14,5,1,3,"[z]","[z]","48.6","22.7","17.4","2.7","0.7","5.8",0,"0.4","[x]","[x]","[x]","[x]","[x]","[x]","[z]","[z]","[x]","[x]","[x]","[x]","[x]","[x]","[x]","[x]"
"2005-09",2005,9,1488,588,627,213,1467,601,601,205,42,18,"[z]","[z]","81.6","26.4","41.7","11.5","3.1","2",56,"3.1",601,"41.7",35,13,14,7,0,1,"[z]","[z]","48.4","22.3","17.2","3.3","0.7","5.6",0,"0.2","[x]","[x]","[x]","[x]","[x]","[x]","[z]","[z]","[x]","[x]","[x]","[x]","[x]","[x]","[x]","[x]"
"2005-10",2005,10,1357,488,618,195,1343,489,587,211,33,23,"[z]","[z]","81.7","27","41.3","11.6","3","1.8",57,"3.1",587,"41.3",53,20,22,10,0,1,"[z]","[z]","49","21.7","18","4.1","0.7","5.2",0,"0.2","[x]","[x]","[x]","[x]","[x]","[x]","[z]","[z]","[x]","[x]","[x]","[x]","[x]","[x]","[x]","[x]"
"2005-11",2005,11,1331,356,675,226,1387,394,702,217,39,35,"[z]","[z]","82.4","27.1","41.7","11.9","3","1.7",65,"3.3",702,"41.7",45,21,12,8,1,3,"[z]","[z]","49.1","22.1","17.4","4.6","0.7","5.1",0,"0.1","[x]","[x]","[x]","[x]","[x]","[x]","[z]","[z]","[x]","[x]","[x]","[x]","[x]","[x]","[x]","[x]"
"2005-12",2005,12,1308,420,645,194,1232,373,640,170,34,15,"[z]","[z]","81.7","27","41.2","12","2.9","1.6",53,"3.4",640,"41.2",30,7,13,6,0,4,"[z]","[z]","49.4","21.9","17.5","5","0.7","5",1,"0.2","[x]","[x]","[x]","[x]","[x]","[x]","[z]","[z]","[x]","[x]","[x]","[x]","[x]","[x]","[x]","[x]"
"2006-01",2006,1,1606,564,733,249,1480,534,622,264,47,13,"[z]","[z]","83.3","27.7","41.5","12.6","2.9","1.6",63,"3.5",622,"41.5",43,22,15,4,1,1,"[z]","[z]","48.5","21.6","17.6","5.1","0.7","4.3",0,"0.2","[x]","[x]","[x]","[x]","[x]","[x]","[z]","[z]","[x]","[x]","[x]","[x]","[x]","[x]","[x]","[x]"
"2006-02",2006,2,1440,463,689,236,1518,487,727,252,24,28,"[z]","[z]","83.8","27.8","41.5","12.9","2.7","1.6",64,"3.4",727,"41.5",53,24,16,8,0,5,"[z]","[z]","49.1","21.4","17.8","5.4","0.6","4.6",0,"0.2","[x]","[x]","[x]","[x]","[x]","[x]","[z]","[z]","[x]","[x]","[x]","[x]","[x]","[x]","[x]","[x]"
"2006-03",2006,3,1411,434,671,226,1585,452,822,231,45,35,"[z]","[z]","84.6","28.2","41.7","13.2","2.7","1.6",76,"3.4",822,"41.7",57,20,19,14,0,4,"[z]","[z]","49.7","21.3","17.3","6.5","0.6","4.7",0,"0.2","[x]","[x]","[x]","[x]","[x]","[x]","[z]","[z]","[x]","[x]","[x]","[x]","[x]","[x]","[x]","[x]"
"2006-04",2006,4,1319,409,635,217,1248,406,574,210,47,11,"[z]","[z]","83.4","27.9","41","13","2.6","1.5",66,"3.5",574,"41",50,25,13,3,2,7,"[z]","[z]","48.8","21.1","17","6.6","0.7","4.1",0,"0.2","[x]","[x]","[x]","[x]","[x]","[x]","[z]","[z]","[x]","[x]","[x]","[x]","[x]","[x]","[x]","[x]"
"2006-05",2006,5,1341,390,657,217,1402,437,675,213,51,26,"[z]","[z]","82.7","27.3","40.7","13.2","2.5","1.4",64,"3.5",675,"40.7",40,23,8,6,0,3,"[z]","[z]","48.9","21.6","16.5","6.8","0.6","4.1",0,"0.1","[x]","[x]","[x]","[x]","[x]","[x]","[z]","[z]","[x]","[x]","[x]","[x]","[x]","[x]","[x]","[x]"
"2006-06",2006,6,1351,397,661,226,1407,420,690,230,48,19,"[z]","[z]","82","26.9","40.4","13.3","2.5","1.4",76,"3.6",690,"40.4",65,28,22,9,1,5,"[z]","[z]","49.4","21.6","16.8","7.4","0.7","3.6",0,"0.1","[x]","[x]","[x]","[x]","[x]","[x]","[z]","[z]","[x]","[x]","[x]","[x]","[x]","[x]","[x]","[x]"
"2006-07",2006,7,1305,370,664,221,1330,381,664,235,35,15,"[z]","[z]","81.1","26.3","40.3","13.3","2.4","1.3",76,"3.8",664,"40.3",40,20,11,6,0,3,"[z]","[z]","48.6","21.4","16","7.7","0.5","3.6",2,"0.3","[x]","[x]","[x]","[x]","[x]","[x]","[z]","[z]","[x]","[x]","[x]","[x]","[x]","[x]","[x]","[x]"
"2006-08",2006,8,1481,549,654,226,1388,456,655,225,42,10,"[z]","[z]","80.2","25.9","39.8","13.3","2.4","1.2",74,"3.9",655,"39.8",62,40,9,11,1,1,"[z]","[z]","50.4","23.4","15.5","8.2","0.5","3.4",2,"0.4","[x]","[x]","[x]","[x]","[x]","[x]","[z]","[z]","[x]","[x]","[x]","[x]","[x]","[x]","[x]","[x]"
"2006-09",2006,9,1399,454,680,226,1331,449,634,209,31,8,"[z]","[z]","79.7","25.6","39.7","13.2","2.4","1.2",100,"4.1",634,"39.7",41,27,12,1,0,1,"[z]","[z]","50.7","24.5","15.2","7.6","0.5","3.4",1,"0.5","[x]","[x]","[x]","[x]","[x]","[x]","[z]","[z]","[x]","[x]","[x]","[x]","[x]","[x]","[x]","[x]"
"2006-10",2006,10,1408,451,673,218,1427,463,663,235,43,23,"[z]","[z]","79.6","25.3","39.8","13.3","2.4","1.2",91,"4.3",663,"39.8",55,32,15,6,1,1,"[z]","[z]","50.5","25.4","14.5","7.2","0.6","3.3",2,"0.7","[x]","[x]","[x]","[x]","[x]","[x]","[z]","[z]","[x]","[x]","[x]","[x]","[x]","[x]","[x]","[x]"
"2006-11",2006,11,2179,471,642,1020,2263,537,666,1014,37,9,"[z]","[z]","83.6","26","39.4","17.1","2.4","1",69,"4.3",666,"39.4",51,24,20,6,0,1,"[z]","[z]","50.8","25.5","15.1","7","0.5","3.1",2,"0.9","[x]","[x]","[x]","[x]","[x]","[x]","[z]","[z]","[x]","[x]","[x]","[x]","[x]","[x]","[x]","[x]"
"2006-12",2006,12,1311,467,619,185,1170,396,585,149,32,8,"[z]","[z]","82.6","25.8","38.9","16.9","2.3","1",87,"4.4",585,"38.9",39,17,8,12,0,2,"[z]","[z]","51.3","26.3","14.6","7.5","0.5","3",2,"1","[x]","[x]","[x]","[x]","[x]","[x]","[z]","[z]","[x]","[x]","[x]","[x]","[x]","[x]","[x]","[x]"
"2007-01",2007,1,1341,449,630,219,1285,436,558,248,34,9,"[z]","[z]","81.6","25.6","38.3","16.7","2.3","1",101,"4.6",558,"38.3",43,25,17,1,0,0,"[z]","[z]","51.1","26.4","14.7","7.2","0.4","2.9",2,"1.1","[x]","[x]","[x]","[x]","[x]","[x]","[z]","[z]","[x]","[x]","[x]","[x]","[x]","[x]","[x]","[x]"
"2007-02",2007,2,1316,442,635,195,1379,465,664,206,32,12,"[z]","[z]","80.3","25.4","37.7","16.4","2.3","0.9",85,"4.6",664,"37.7",75,37,17,17,0,4,"[z]","[z]","52.6","27.3","14.7","7.9","0.4","2.7",0,"1.1","[x]","[x]","[x]","[x]","[x]","[x]","[z]","[z]","[x]","[x]","[x]","[x]","[x]","[x]","[x]","[x]"
"2007-03",2007,3,1303,481,566,220,1409,483,670,220,29,7,"[z]","[z]","78.8","25.2","36.7","16.2","2.2","0.7",90,"4.7",670,"36.7",55,29,15,3,3,5,"[z]","[z]","51.9","27.9","14.3","6.9","0.7","2.8",3,"1.4","[x]","[x]","[x]","[x]","[x]","[x]","[z]","[z]","[x]","[x]","[x]","[x]","[x]","[x]","[x]","[x]"
"2007-04",2007,4,1298,475,605,175,1262,473,571,175,35,8,"[z]","[z]","78.3","25.3","36.4","15.9","2.1","0.7",97,"4.8",571,"36.4",74,39,10,8,1,16,"[z]","[z]","53.7","28.9","13.9","7.3","0.6","3.6",2,"1.5","[x]","[x]","[x]","[x]","[x]","[x]","[z]","[z]","[x]","[x]","[x]","[x]","[x]","[x]","[x]","[x]"
"2007-05",2007,5,1122,450,484,154,1175,486,502,153,26,8,"[z]","[z]","76.8","25.3","35.3","15.5","2","0.6",87,"4.9",502,"35.3",78,55,19,4,0,0,"[z]","[z]","56.5","31.4","14.7","7.1","0.6","3.3",2,"1.7","[x]","[x]","[x]","[x]","[x]","[x]","[z]","[z]","[x]","[x]","[x]","[x]","[x]","[x]","[x]","[x]"
"2007-06",2007,6,1481,424,733,264,1488,440,735,253,41,19,"[z]","[z]","76.7","25.3","35.3","15.5","1.9","0.6",100,"4.9",735,"35.3",44,27,12,4,0,1,"[z]","[z]","54.4","31.1","13.8","6.6","0.5","2.9",2,"1.8","[x]","[x]","[x]","[x]","[x]","[x]","[z]","[z]","[x]","[x]","[x]","[x]","[x]","[x]","[x]","[x]"
"2007-07",2007,7,1320,439,619,206,1390,475,636,223,50,6,"[z]","[z]","76.3","25.5","34.9","15.3","2","0.6",93,"5",636,"34.9",63,45,9,3,1,5,"[z]","[z]","55.9","33","13.5","6.3","0.6","3.1",2,"1.8","[x]","[x]","[x]","[x]","[x]","[x]","[z]","[z]","[x]","[x]","[x]","[x]","[x]","[x]","[x]","[x]"
"2007-08",2007,8,1284,416,597,223,1207,342,591,226,38,10,"[z]","[z]","75","24.9","34.3","15.2","2","0.6",80,"5",591,"34.3",33,20,10,3,0,0,"[z]","[z]","53.2","31.1","13.5","5.6","0.5","3",0,"1.6","[x]","[x]","[x]","[x]","[x]","[x]","[z]","[z]","[x]","[x]","[x]","[x]","[x]","[x]","[x]","[x]"
"2007-09",2007,9,1475,452,729,245,1341,417,661,214,40,9,"[z]","[z]","74.6","24.6","34.2","15.1","2","0.6",91,"4.9",661,"34.2",41,28,7,5,1,0,"[z]","[z]","52.7","31","13","5.9","0.6","2.9",0,"1.6","[x]","[x]","[x]","[x]","[x]","[x]","[z]","[z]","[x]","[x]","[x]","[x]","[x]","[x]","[x]","[x]"
"2007-10",2007,10,1299,345,686,212,1351,360,705,230,38,18,"[z]","[z]","74.3","24.6","34.2","15","2","0.6",110,"4.9",705,"34.2",49,26,3,7,0,13,"[z]","[z]","52","30.3","12","5.9","0.5","3.8",0,"1.4","[x]","[x]","[x]","[x]","[x]","[x]","[z]","[z]","[x]","[x]","[x]","[x]","[x]","[x]","[x]","[x]"
"2007-11",2007,11,1312,403,658,208,1398,466,678,211,34,9,"[z]","[z]","69.4","23.5","34","11.3","1.9","0.6",83,"5",678,"34",32,21,6,3,0,2,"[z]","[z]","50.1","29.8","10.8","5.7","0.5","3.9",1,"1.3","[x]","[x]","[x]","[x]","[x]","[x]","[z]","[z]","[x]","[x]","[x]","[x]","[x]","[x]","[x]","[x]"
"2007-12",2007,12,1074,387,492,171,944,322,462,136,20,4,"[z]","[z]","68.4","23.4","33.3","11.2","1.9","0.5",75,"4.9",462,"33.3",32,24,4,2,1,1,"[z]","[z]","49.2","30.2","10.4","4.8","0.6","3.8",0,"1.1","[x]","[x]","[x]","[x]","[x]","[x]","[z]","[z]","[x]","[x]","[x]","[x]","[x]","[x]","[x]","[x]"
"2008-01",2008,1,1492,350,792,275,1413,335,700,303,62,13,"[z]","[z]","68.9","23.2","33.8","11.4","2","0.5",114,"4.9",700,"33.8",40,30,5,5,0,0,"[z]","[z]","48.7","30.4","9.3","5.1","0.6","3.8",1,"1","[x]","[x]","[x]","[x]","[x]","[x]","[z]","[z]","[x]","[x]","[x]","[x]","[x]","[x]","[x]","[x]"
"2008-02",2008,2,1380,392,680,260,1492,423,738,283,34,14,"[z]","[z]","69.3","23.2","33.9","11.7","2","0.6",80,"4.9",738,"33.9",38,29,2,7,0,0,"[z]","[z]","45.5","29.6","8.1","4.3","0.6","3.4",2,"1.2","[x]","[x]","[x]","[x]","[x]","[x]","[z]","[z]","[x]","[x]","[x]","[x]","[x]","[x]","[x]","[x]"
"2008-03",2008,3,1408,375,696,285,1410,322,764,272,43,9,"[z]","[z]","69","22.4","34.2","11.8","2","0.6",76,"4.8",764,"34.2",48,38,4,3,0,3,"[z]","[z]","44.9","30.2","7.2","4.3","0.3","3.2",0,"0.9","[x]","[x]","[x]","[x]","[x]","[x]","[z]","[z]","[x]","[x]","[x]","[x]","[x]","[x]","[x]","[x]"
"2008-04",2008,4,1505,399,697,356,1594,452,725,364,42,11,"[z]","[z]","70.5","22.5","34.8","12.6","2.1","0.6",67,"4.7",725,"34.8",77,60,7,8,0,2,"[z]","[z]","45","31.7","6.9","4.2","0.2","2.1",0,"0.8","[x]","[x]","[x]","[x]","[x]","[x]","[z]","[z]","[x]","[x]","[x]","[x]","[x]","[x]","[x]","[x]"
"2008-05",2008,5,1600,456,797,301,1602,465,805,286,35,11,"[z]","[z]","71.9","22.2","36","13.2","2.1","0.6",91,"4.7",805,"36",59,35,2,18,2,2,"[z]","[z]","43.1","30","5.6","5.3","0.4","2.3",0,"0.6","[x]","[x]","[x]","[x]","[x]","[x]","[z]","[z]","[x]","[x]","[x]","[x]","[x]","[x]","[x]","[x]"
"2008-06",2008,6,1575,454,756,305,1596,493,759,284,53,7,"[z]","[z]","72.1","22.4","36","13.3","2.1","0.5",65,"4.5",759,"36",70,53,1,15,0,1,"[z]","[z]","45","31.9","4.7","6.2","0.4","2.3",1,"0.5","[x]","[x]","[x]","[x]","[x]","[x]","[z]","[z]","[x]","[x]","[x]","[x]","[x]","[x]","[x]","[x]"
"2008-07",2008,7,1844,547,861,322,2012,622,914,362,44,70,"[z]","[z]","74.5","22.8","37.1","13.8","2.1","0.8",110,"4.5",914,"37.1",74,45,7,14,1,7,"[z]","[z]","45.6","31.7","4.5","7","0.4","2.4",0,"0.4","[x]","[x]","[x]","[x]","[x]","[x]","[z]","[z]","[x]","[x]","[x]","[x]","[x]","[x]","[x]","[x]"
"2008-08",2008,8,1726,498,846,321,1503,376,772,294,57,4,"[z]","[z]","75.6","23","37.8","14.1","2.2","0.8",71,"4.5",772,"37.8",95,55,11,24,0,5,"[z]","[z]","50.2","34.3","4.6","8.6","0.4","2.8",0,"0.4","[x]","[x]","[x]","[x]","[x]","[x]","[z]","[z]","[x]","[x]","[x]","[x]","[x]","[x]","[x]","[x]"
"2008-09",2008,9,1858,489,921,369,1791,469,901,342,66,13,"[z]","[z]","77.7","23.6","38.7","14.6","2.3","0.8",82,"4.4",901,"38.7",78,55,6,14,0,3,"[z]","[z]","52.9","36.2","4.5","9.2","0.3","3",1,"0.5","[x]","[x]","[x]","[x]","[x]","[x]","[z]","[z]","[x]","[x]","[x]","[x]","[x]","[x]","[x]","[x]"
"2008-10",2008,10,2612,508,908,1128,2732,526,936,1202,46,22,"[z]","[z]","83","23.6","39.7","18.8","2.3","0.8",79,"4.3",936,"39.7",93,56,7,25,1,4,"[z]","[z]","56","38.4","4.7","10.6","0.4","2.3",0,"0.5","[x]","[x]","[x]","[x]","[x]","[x]","[z]","[z]","[x]","[x]","[x]","[x]","[x]","[x]","[x]","[x]"
"2008-11",2008,11,2026,500,1018,437,1985,540,966,408,52,19,"[z]","[z]","85.8","24.2","41","19.7","2.4","0.9",79,"4.3",966,"41",94,55,18,21,0,0,"[z]","[z]","60.5","40.8","5.6","11.9","0.4","2.1",0,"0.4","[x]","[x]","[x]","[x]","[x]","[x]","[z]","[z]","[x]","[x]","[x]","[x]","[x]","[x]","[x]","[x]"
"2008-12",2008,12,2143,525,1118,441,2040,471,1110,400,50,9,"[z]","[z]","90.4","24.8","43.8","20.9","2.5","0.9",74,"4.3",1110,"43.8",79,47,8,23,0,1,"[z]","[z]","64","42.4","5.9","13.5","0.3","2.1",2,"0.5","[x]","[x]","[x]","[x]","[x]","[x]","[z]","[z]","[x]","[x]","[x]","[x]","[x]","[x]","[x]","[x]"
"2009-01",2009,1,1981,497,1042,389,1800,464,883,400,47,6,"[z]","[z]","91.8","24.8","44.8","21.4","2.5","0.9",89,"4.2",883,"44.8",90,54,16,14,0,6,"[z]","[z]","67.7","44.2","6.8","14.1","0.3","2.6",0,"0.5","[x]","[x]","[x]","[x]","[x]","[x]","[z]","[z]","[x]","[x]","[x]","[x]","[x]","[x]","[x]","[x]"
"2009-02",2009,2,2114,569,1118,372,2160,573,1140,392,43,12,"[z]","[z]","94.9","25.4","46.7","21.9","2.5","0.8",116,"4.4",1140,"46.7",90,42,17,29,2,0,"[z]","[z]","71.4","45.1","7.9","15.8","0.5","2.6",1,"0.4","[x]","[x]","[x]","[x]","[x]","[x]","[z]","[z]","[x]","[x]","[x]","[x]","[x]","[x]","[x]","[x]"
"2009-03",2009,3,2362,506,1284,501,2660,518,1562,509,64,7,"[z]","[z]","100.9","26.6","50.4","23","2.6","0.8",135,"4.6",1562,"50.4",105,55,12,35,0,3,"[z]","[z]","75.6","46.4","8.5","18.2","0.5","2.6",2,"0.5","[x]","[x]","[x]","[x]","[x]","[x]","[z]","[z]","[x]","[x]","[x]","[x]","[x]","[x]","[x]","[x]"
"2009-04",2009,4,2144,529,1224,326,2125,512,1208,340,57,8,"[z]","[z]","103.6","26.8","52.8","23.1","2.7","0.8",100,"4.8",1208,"52.8",84,38,18,26,1,1,"[z]","[z]","76.1","44.7","9.3","19.6","0.5","2.5",1,"0.6","[x]","[x]","[x]","[x]","[x]","[x]","[z]","[z]","[x]","[x]","[x]","[x]","[x]","[x]","[x]","[x]"
"2009-05",2009,5,2026,441,1144,365,1957,428,1113,340,51,25,"[z]","[z]","105.9","26.9","54.6","23.5","2.8","0.9",118,"5",1113,"54.6",81,53,7,19,0,2,"[z]","[z]","78","46.1","9.7","19.6","0.4","2.5",1,"0.7","[x]","[x]","[x]","[x]","[x]","[x]","[z]","[z]","[x]","[x]","[x]","[x]","[x]","[x]","[x]","[x]"
"2009-06",2009,6,2115,493,1224,346,2230,580,1258,340,45,7,"[z]","[z]","109.7","27.8","57.2","23.9","2.8","0.9",154,"5.4",1258,"57.2",104,45,18,34,2,5,"[z]","[z]","80.4","45.5","11","21.1","0.5","2.8",2,"0.8","[x]","[x]","[x]","[x]","[x]","[x]","[z]","[z]","[x]","[x]","[x]","[x]","[x]","[x]","[x]","[x]"
"2009-07",2009,7,2025,534,1099,328,2203,605,1162,372,55,9,"[z]","[z]","111.1","27.8","58.6","24.1","2.9","0.6",119,"5.5",1162,"58.6",79,43,17,17,0,2,"[z]","[z]","80.9","45.4","11.8","21.3","0.5","2.4",3,"1","[x]","[x]","[x]","[x]","[x]","[x]","[z]","[z]","[x]","[x]","[x]","[x]","[x]","[x]","[x]","[x]"
"2009-08",2009,8,1893,335,1120,368,1675,250,1017,338,62,8,"[z]","[z]","112.7","27.5","60.1","24.4","2.9","0.7",110,"5.7",1017,"60.1",82,43,13,14,0,12,"[z]","[z]","80","44.5","11.9","20.6","0.5","3",3,"1.2","[x]","[x]","[x]","[x]","[x]","[x]","[z]","[z]","[x]","[x]","[x]","[x]","[x]","[x]","[x]","[x]"
"2009-09",2009,9,1926,433,1139,273,1825,398,1099,247,73,8,"[z]","[z]","113.1","27","61.3","24.1","2.9","0.6",122,"5.9",1099,"61.3",68,37,10,18,0,3,"[z]","[z]","79.3","43.2","12.2","20.9","0.5","3",4,"1.4","[x]","[x]","[x]","[x]","[x]","[x]","[z]","[z]","[x]","[x]","[x]","[x]","[x]","[x]","[x]","[x]"
"2009-10",2009,10,1785,449,1010,266,1785,450,1005,270,58,2,"[z]","[z]","109.6","27.3","61.8","19.9","3","0.5",139,"6.2",1005,"61.8",72,44,13,12,1,2,"[z]","[z]","77.9","42.4","12.7","20","0.5","2.8",2,"1.6","[x]","[x]","6","3","1","0","[z]","[z]","[x]","[x]","[x]","[x]","[x]","[x]","[x]","[x]"
"2009-11",2009,11,1847,441,1049,281,1871,489,1024,282,64,12,"[z]","[z]","109.3","27.1","62.3","19.4","3.1","0.5",127,"6.4",1024,"62.3",70,44,14,8,1,3,"[z]","[z]","76.2","41.7","12.5","19","0.5","3.1",6,"2.1","[x]","[x]","0","10","2","0","[z]","[z]","[x]","[x]","[x]","[x]","[x]","[x]","[x]","[x]"
"2009-12",2009,12,1821,416,1041,262,1747,376,1022,247,94,8,"[z]","[z]","108.1","26.7","62.1","18.8","3.3","0.5",134,"6.7",1022,"62.1",97,47,18,30,1,1,"[z]","[z]","77.7","41.8","13.3","19.6","0.6","3.1",9,"2.6","[x]","[x]","11","55","5","0","[z]","[z]","[x]","[x]","[x]","[x]","[x]","[x]","[x]","[x]"
"2010-01",2010,1,1708,489,929,216,1493,454,761,204,67,7,"[z]","[z]","110","26.7","61.5","17.9","3.4","0.5",140,"7",761,"61.5",105,53,14,35,0,3,"[z]","[z]","79.5","41.7","13.1","21.2","0.6","2.8",4,"2.9","[x]","[x]","11","22","5","0","[z]","[z]","[x]","[x]","[x]","[x]","[x]","[x]","[x]","[x]"
"2010-02",2010,2,1669,378,976,249,1696,377,986,267,58,8,"[z]","[z]","107.8","25.8","60.8","17.3","3.4","0.5",173,"7.2",986,"60.8",139,91,24,23,0,1,"[z]","[z]","83.4","45.5","13.7","20.8","0.5","2.9",2,"3","[x]","[x]","14","11","0","0","[z]","[z]","[x]","[x]","[x]","[x]","[x]","[x]","[x]","[x]"
"2010-03",2010,3,1701,456,948,218,1965,495,1155,236,75,4,"[z]","[z]","104.5","25.6","58.9","16","3.5","0.5",152,"7.3",1155,"58.9",130,67,25,34,2,2,"[z]","[z]","85.4","46.5","14.7","20.7","0.6","2.8",3,"3.1","[x]","[x]","23","8","7","0","[z]","[z]","[x]","[x]","[x]","[x]","[x]","[x]","[x]","[x]"
"2010-04",2010,4,1812,401,1066,257,1852,387,1107,270,84,4,"[z]","[z]","103","24.9","58.3","15.7","3.6","0.5",165,"7.6",1107,"58.3",109,62,23,19,0,5,"[z]","[z]","87.4","48.4","15.1","20.2","0.5","3.2",1,"3.1","[x]","[x]","7","8","4","1","[z]","[z]","[x]","[x]","[x]","[x]","[x]","[x]","[x]","[x]"
"2010-05",2010,5,1610,412,893,239,1572,400,880,226,62,4,"[z]","[z]","101","24.7","57.2","15.1","3.7","0.4",111,"7.5",880,"57.2",113,71,21,14,0,7,"[z]","[z]","89.9","49.8","16.2","19.9","0.5","3.5",0,"3","[x]","[x]","7","5","5","0","[z]","[z]","[x]","[x]","[x]","[x]","[x]","[x]","[x]","[x]"
"2010-06",2010,6,1642,382,940,236,1759,473,970,232,84,0,"[z]","[z]","98.4","24","55.7","14.6","3.8","0.3",122,"7.4",970,"55.7",141,90,24,16,1,10,"[z]","[z]","92.8","53.3","16.6","18.5","0.5","3.9",7,"3.4","[x]","[x]","7","5","3","1","[z]","[z]","[x]","[x]","[x]","[x]","[x]","[x]","[x]","[x]"
"2010-07",2010,7,1452,337,886,175,1529,372,913,190,48,6,"[z]","[z]","95.2","23","54.5","13.7","3.8","0.3",128,"7.4",913,"54.5",90,54,21,11,0,4,"[z]","[z]","93.7","54.2","17","18","0.5","4.1",5,"3.5","[x]","[x]","8","3","3","0","[z]","[z]","[x]","[x]","[x]","[x]","[x]","[x]","[x]","[x]"
"2010-08",2010,8,1720,384,1061,216,1570,298,1005,208,55,4,"[z]","[z]","94.4","23","54.3","13.1","3.7","0.3",106,"7.4",1005,"54.3",91,58,19,9,0,5,"[z]","[z]","94.4","55.4","17.4","17.7","0.5","3.5",3,"3.5","[x]","[x]","10","3","2","0","[z]","[z]","[x]","[x]","[x]","[x]","[x]","[x]","[x]","[x]"
"2010-09",2010,9,1565,349,918,233,1470,321,880,204,55,10,"[z]","[z]","92.5","22.4","53.2","12.9","3.7","0.3",99,"7.2",880,"53.2",98,52,18,22,0,6,"[z]","[z]","96.8","56.5","18","18","0.5","3.8",3,"3.5","[x]","[x]","6","7","2","2","[z]","[z]","[x]","[x]","[x]","[x]","[x]","[x]","[x]","[x]"
"2010-10",2010,10,1730,375,1060,229,1679,368,1023,222,63,3,"[z]","[z]","91.5","21.8","53.1","12.6","3.7","0.3",102,"7.1",1023,"53.1",94,48,21,20,1,4,"[z]","[z]","98.3","56.7","18.6","18.6","0.5","3.9",7,"3.8","[x]","[x]","7","10","1","2","[z]","[z]","[x]","[x]","33","43.7","11.6","1.8","0","3.6"
"2010-11",2010,11,1625,406,934,218,1705,457,948,233,64,3,"[z]","[z]","90.5","21.6","52.6","12.4","3.7","0.3",111,"7",948,"52.6",124,74,23,22,3,2,"[z]","[z]","102.2","58.9","19.3","19.6","0.6","3.8",2,"3.5","[x]","[x]","6","14","12","1","[z]","[z]","[x]","[x]","34.8","44.9","14.6","2.1","1","3.9"
"2010-12",2010,12,1306,358,736,167,1248,325,718,160,42,3,"[z]","[z]","88","21.3","51.1","11.9","3.4","0.3",67,"6.6",718,"51.1",77,49,19,9,0,0,"[z]","[z]","100.5","59","19.3","17.9","0.5","3.8",7,"3.4","[x]","[x]","15","9","10","1","[z]","[z]","[x]","[x]","35.9","31.2","16","2.4","2","4.5"
"2011-01",2011,1,1840,339,1164,259,1627,333,977,239,76,2,"[z]","[z]","88.3","20.7","51.9","12.1","3.4","0.2",125,"6.6",977,"51.9",97,64,13,13,0,7,"[z]","[z]","99.6","59.6","19.2","16.2","0.5","4.1",3,"3.3","[x]","[x]","5","3","4","2","[z]","[z]","[x]","[x]","34.3","25.7","15.8","3","0","3.9"
"2011-02",2011,2,1533,339,948,209,1572,342,963,230,34,3,"[z]","[z]","87.5","20.5","51.7","11.9","3.3","0.2",91,"6.2",963,"51.7",106,59,28,18,1,0,"[z]","[z]","96.8","57","19.4","15.8","0.6","4",1,"3.2","[x]","[x]","11","5","0","2","[z]","[z]","[x]","[x]","33.6","24","15.9","3.6","0","3"
"2011-03",2011,3,1635,339,1021,204,1958,380,1280,227,70,1,"[z]","[z]","87.2","19.9","52","11.8","3.3","0.2",113,"6",1280,"52",139,85,23,26,1,4,"[z]","[z]","97.2","58.2","19.2","15.1","0.5","4.1",2,"3.1","[x]","[x]","14","6","3","1","[z]","[z]","[x]","[x]","31","23.5","14.7","3.9","3","3.6"
"2011-04",2011,4,1494,308,912,214,1462,289,897,216,58,2,"[z]","[z]","85.1","19.4","50.9","11.5","3.2","0.2",75,"5.6",897,"50.9",107,57,26,20,0,4,"[z]","[z]","96.8","57.7","19.4","15.2","0.5","4",4,"3.3","[x]","[x]","9","6","0","0","[z]","[z]","[x]","[x]","31.4","22.8","13.5","3.6","1","3.3"
"2011-05",2011,5,1807,465,1047,212,1841,463,1082,213,78,5,"[z]","[z]","86","19.6","51.6","11.4","3.2","0.2",100,"5.5",1082,"51.6",149,98,32,16,3,0,"[z]","[z]","99.2","59.5","20.2","15.3","0.8","3.5",2,"3.5","[x]","[x]","8","12","1","1","[z]","[z]","[x]","[x]","31.6","24.7","12.2","3.9","2","3.9"
"2011-06",2011,6,1653,425,967,206,1803,543,1002,203,50,5,"[z]","[z]","85.9","19.8","51.6","11.2","3.1","0.2",81,"5.3",1002,"51.6",151,116,20,14,1,0,"[z]","[z]","99.6","61.3","19.8","15.1","0.8","2.7",1,"3","[x]","[x]","13","4","2","2","[z]","[z]","[x]","[x]","33.2","24.3","11.9","4.1","2","4.1"
"2011-07",2011,7,1887,423,1149,239,1919,442,1153,248,68,8,"[z]","[z]","87.3","20","52.4","11.4","3.1","0.2",157,"5.4",1153,"52.4",108,68,24,16,0,0,"[z]","[z]","100.6","62.1","20","15.4","0.8","2.4",2,"2.8","[x]","[x]","10","2","6","3","[z]","[z]","[x]","[x]","33.7","23.9","12.7","5","0","4.1"
"2011-08",2011,8,1671,411,974,216,1565,325,956,214,69,1,"[z]","[z]","86.9","20.1","52","11.4","3.2","0.2",61,"5.2",956,"52",135,94,23,17,1,0,"[z]","[z]","103.5","64.6","20.2","15.9","0.8","2",5,"2.9","[x]","[x]","7","5","3","0","[z]","[z]","[x]","[x]","32.7","24.4","13","5","2","4.7"
"2011-09",2011,9,1612,386,971,186,1514,360,923,162,67,2,"[z]","[z]","86.7","20.2","52","11.2","3.2","0.2",75,"5",923,"52",135,86,25,24,0,0,"[z]","[z]","105.9","66.9","20.6","16","0.8","1.6",6,"3.1","[x]","[x]","15","2","1","3","[z]","[z]","[x]","[x]","35.2","22.9","12.6","5.3","3","4.7"
"2011-10",2011,10,1850,569,1002,212,1795,552,969,207,65,2,"[z]","[z]","86.8","20.9","51.5","11.1","3.2","0.2",87,"5",969,"51.5",122,73,25,23,1,0,"[z]","[z]","107.6","68.5","20.8","16.2","0.8","1.3",4,"2.9","[x]","[x]","11","10","0","2","[z]","[z]","[x]","[x]","36.2","22.8","12.3","5.3","0","4.7"
"2011-11",2011,11,1678,407,1009,191,1748,446,1023,208,66,5,"[z]","[z]","86.6","20.7","51.6","10.9","3.2","0.2",85,"4.8",1023,"51.6",143,74,28,20,2,19,"[z]","[z]","108.5","68.2","21.1","16","0.7","2.5",5,"3.1","[x]","[x]","6","3","4","2","[z]","[z]","[x]","[x]","36","19.5","9.9","5.5","1","4.6"
"2011-12",2011,12,1603,471,853,211,1460,407,793,192,57,11,"[z]","[z]","87.2","21","51.7","11","3.3","0.2",75,"4.8",793,"51.7",97,63,12,15,2,5,"[z]","[z]","109.6","69","20.5","16.3","0.9","2.9",2,"2.7","[x]","[x]","11","10","4","1","[z]","[z]","[x]","[x]","34.7","19.7","8.1","5.5","0","4"
"2012-01",2012,1,1686,359,1038,225,1578,380,921,213,57,7,"[z]","[z]","86.5","21.1","51.2","10.8","3.2","0.2",82,"4.6",921,"51.2",102,73,17,10,1,1,"[z]","[z]","109.4","69.3","20.7","16","1","2.4",2,"2.6","[x]","[x]","2","6","4","0","[z]","[z]","[x]","[x]","33.7","20.4","8.1","4.9","2","4.6"
"2012-02",2012,2,1771,398,1058,254,1906,427,1125,293,59,2,"[z]","[z]","87.5","21.4","51.6","11.1","3.3","0.2",85,"4.6",1125,"51.6",157,117,19,20,0,1,"[z]","[z]","112.7","73.2","20","16.1","0.9","2.5",5,"2.9","[x]","[x]","15","5","1","5","[z]","[z]","[x]","[x]","34.6","20.3","8.3","5.7","2","5.2"
"2012-03",2012,3,1697,368,1056,214,1923,406,1229,229,54,5,"[z]","[z]","86.9","21.4","51.2","11","3.2","0.2",78,"4.4",1229,"51.2",161,123,23,11,0,4,"[z]","[z]","113.7","75.6","19.9","15","0.8","2.5",0,"2.8","[x]","[x]","14","11","5","2","[z]","[z]","[x]","[x]","34.5","21.6","8.8","6","0","4.3"
"2012-04",2012,4,1754,375,1090,211,1720,353,1079,210,78,0,"[z]","[z]","87.6","21.5","51.7","10.9","3.2","0.2",72,"4.4",1079,"51.7",117,85,19,8,2,3,"[z]","[z]","113.9","77.3","19.3","14","0.9","2.4",2,"2.6","[x]","[x]","11","7","3","1","[z]","[z]","[x]","[x]","34.9","21.8","9.6","6.2","5","5.4"
"2012-05",2012,5,1651,380,997,194,1735,382,1070,203,75,5,"[z]","[z]","86.7","21.1","51.4","10.8","3.2","0.2",86,"4.3",1070,"51.4",211,146,22,33,4,6,"[z]","[z]","117.7","80.3","18.5","15.2","1","2.8",2,"2.6","[x]","[x]","15","4","5","3","[z]","[z]","[x]","[x]","36.7","19.5","10.7","6.8","2","5.4"
"2012-06",2012,6,1560,221,951,190,1603,279,950,176,195,3,"[z]","[z]","85.4","19.9","50.9","10.7","3.8","0.2",76,"4.3",950,"50.9",142,101,12,14,12,3,"[z]","[z]","116.5","78.8","17.8","15.1","1.8","3",0,"2.5","[x]","[x]","11","3","6","2","[z]","[z]","[x]","[x]","35.9","19.1","11.8","6.7","1","5"
"2012-07",2012,7,1697,443,1008,180,1767,463,1046,192,58,8,"[z]","[z]","84.3","19.8","50.2","10.4","3.7","0.2",100,"4",1046,"50.2",104,67,27,8,2,0,"[z]","[z]","115.6","78.3","17.9","14.4","1.9","3",1,"2.4","[x]","[x]","12","8","1","1","[z]","[z]","[x]","[x]","36.3","20.6","10.3","6.1","1","5.3"
"2012-08",2012,8,1605,366,1010,170,1478,279,975,165,59,0,"[z]","[z]","83.5","19.6","50","10.1","3.7","0.2",58,"4",975,"50",115,72,27,13,0,3,"[z]","[z]","113.5","76.4","18.1","14.1","1.8","3.2",5,"2.4","[x]","[x]","13","19","2","0","[z]","[z]","[x]","[x]","37.7","24.4","10","6.1","1","5"
"2012-09",2012,9,1494,310,954,186,1302,279,833,146,43,1,"[z]","[z]","82.2","19.1","49.4","10","3.6","0.2",83,"4",833,"49.4",85,61,10,12,0,2,"[z]","[z]","109.4","74.2","16.9","13.2","1.8","3.3",7,"2.5","[x]","[x]","7","5","3","1","[z]","[z]","[x]","[x]","35.3","25.1","10.5","5.5","1","4.4"
"2012-10",2012,10,1540,362,942,173,1589,368,972,186,60,3,"[z]","[z]","81","18.3","49.1","9.9","3.5","0.2",114,"4.1",972,"49.1",90,46,28,15,0,1,"[z]","[z]","106.6","71.9","17.1","12.5","1.7","3.4",2,"2.3","[x]","[x]","17","2","3","1","[z]","[z]","[x]","[x]","36.7","22.8","11.2","5.2","0","4.4"
"2012-11",2012,11,1471,310,943,174,1517,331,953,189,43,1,"[z]","[z]","79.6","17.7","48.6","9.7","3.4","0.2",102,"4.1",953,"48.6",78,33,24,13,2,6,"[z]","[z]","101.5","68.7","16.7","12","1.7","2.4",2,"2.1","[x]","[x]","8","9","5","2","[z]","[z]","[x]","[x]","37.1","24.3","11.4","5.2","1","4.4"
"2012-12",2012,12,1488,302,950,188,1297,247,843,159,48,0,"[z]","[z]","78.5","17","48.5","9.5","3.4","0.1",67,"4.1",843,"48.5",56,22,15,16,2,1,"[z]","[z]","98.1","65.5","16.8","12","1.7","2.1",0,"1.9","[x]","[x]","9","5","4","0","[z]","[z]","[x]","[x]","36.3","22.8","11.4","4.9","2","4.9"
"2013-01",2013,1,1347,335,803,156,1346,382,756,155,52,1,"[z]","[z]","77.2","16.9","47.6","9.3","3.3","0.1",104,"4.1",756,"47.6",54,26,12,13,1,2,"[z]","[z]","94.3","61.9","16.4","12.1","1.7","2.2",0,"1.8","[x]","[x]","9","2","6","2","[z]","[z]","[x]","[x]","38","21.6","11.9","5.4","0","4.3"
"2013-02",2013,2,1546,265,1057,172,1592,279,1074,187,51,1,"[z]","[z]","75.5","16.2","47.1","8.8","3.3","0.1",98,"4.2",1074,"47.1",62,25,19,15,1,2,"[z]","[z]","87.3","55.2","16.3","11.7","1.8","2.3",0,"1.4","[x]","[x]","4","6","3","0","[z]","[z]","[x]","[x]","34.8","21.7","12.3","4","2","4.3"
"2013-03",2013,3,1412,311,874,189,1433,296,905,194,37,1,"[z]","[z]","73.2","15.7","45.6","8.6","3.2","0.1",66,"4.1",905,"45.6",46,15,17,11,0,3,"[z]","[z]","79","47.6","15.8","11.6","1.8","2.2",5,"1.8","[x]","[x]","8","1","1","0","[z]","[z]","[x]","[x]","33","18.9","11.2","3.5","1","4.5"
"2013-04",2013,4,1472,337,923,163,1599,372,1008,170,46,3,"[z]","[z]","72.3","15.7","45.1","8.4","3","0.1",83,"4.1",1008,"45.1",75,40,24,9,1,1,"[z]","[z]","75.7","44.3","16.1","11.6","1.7","2",1,"1.7","[x]","[x]","12","7","2","0","[z]","[z]","[x]","[x]","33.1","18.8","10.9","3.2","2","3.7"
"2013-05",2013,5,1549,300,1028,171,1627,292,1105,180,47,3,"[z]","[z]","71.5","15.2","45","8.3","2.9","0.1",79,"4.1",1105,"45",73,29,30,13,1,0,"[z]","[z]","66","36.2","16.5","10.2","1.5","1.6",3,"1.8","[x]","[x]","13","3","4","0","[z]","[z]","[x]","[x]","32.4","18.4","10.5","2.4","2","3.7"
"2013-06",2013,6,1603,308,1049,181,1609,367,1018,159,64,1,"[z]","[z]","71.2","15.5","45","8.2","2.4","0.1",83,"4.1",1018,"45",49,23,15,10,1,0,"[z]","[z]","59.5","30.8","16.6","9.9","0.7","1.4",1,"1.8","[x]","[x]","5","2","2","1","[z]","[z]","[x]","[x]","30.6","18.1","9.4","2.1","5","4.7"
"2013-07",2013,7,1632,349,1057,170,1741,362,1135,188,54,2,"[z]","[z]","70.7","15","45.1","8.1","2.4","0.1",84,"4",1135,"45.1",83,43,31,6,1,2,"[z]","[z]","57.7","29","16.8","9.7","0.7","1.5",6,"2.1","[x]","[x]","5","6","5","0","[z]","[z]","[x]","[x]","28.6","17.4","10.4","1.8","2","4.9"
"2013-08",2013,8,1510,312,969,174,1328,220,895,158,53,2,"[z]","[z]","69.7","14.7","44.6","8","2.3","0.1",81,"4",895,"44.6",114,65,35,8,3,3,"[z]","[z]","57.4","28.4","17.2","9.4","0.9","1.5",1,"1.9","[x]","[x]","6","4","0","0","[z]","[z]","[x]","[x]","26.7","13.5","9.8","1.8","1","4.9"
"2013-09",2013,9,1485,341,946,152,1371,327,868,130,44,2,"[z]","[z]","69.6","14.8","44.5","7.9","2.3","0.1",67,"4",868,"44.5",87,50,26,8,3,0,"[z]","[z]","57.2","27.5","18.2","9","1.1","1.4",3,"1.6","[x]","[x]","9","4","1","0","[z]","[z]","[x]","[x]","27","13.1","9.3","1.5","0","4.6"
"2013-10",2013,10,1414,256,950,160,1451,258,970,175,48,0,"[z]","[z]","68.7","14.3","44.2","7.8","2.3","0.1",67,"3.8",970,"44.2",99,67,20,9,0,3,"[z]","[z]","57.5","28.7","17.6","8.6","1","1.5",1,"1.5","[x]","[x]","13","3","6","3","[z]","[z]","[x]","[x]","25.8","13.3","10","2","1","4.9"
"2013-11",2013,11,1353,221,914,176,1351,225,899,185,40,2,"[z]","[z]","67.7","13.8","43.8","7.8","2.2","0.1",65,"3.6",899,"43.8",69,44,14,10,1,0,"[z]","[z]","56.6","29.3","16.8","8.4","1","1.1",2,"1.5","[x]","[x]","9","8","4","0","[z]","[z]","[x]","[x]","25.9","13","9.7","1.5","2","5.1"
"2013-12",2013,12,1348,255,918,142,1221,209,855,124,33,0,"[z]","[z]","67","13.6","43.6","7.6","2.2","0.1",65,"3.6",855,"43.6",78,46,15,13,3,1,"[z]","[z]","57.7","30.7","16.8","8.1","1","1.1",2,"1.6","[x]","[x]","5","2","2","0","[z]","[z]","[x]","[x]","24.8","12.1","9.1","1.5","3","5.3"
"2014-01",2014,1,1494,293,951,193,1511,345,915,194,57,0,"[z]","[z]","67.3","13.4","43.9","7.7","2.2","0.1",83,"3.5",915,"43.9",94,70,15,6,3,0,"[z]","[z]","60.1","33.4","16.9","7.6","1.2","1",0,"1.6","[x]","[x]","8","2","2","0","[z]","[z]","[x]","[x]","24.4","12.1","8","1","5","6.5"
"2014-02",2014,2,1458,336,921,151,1510,363,935,162,47,3,"[z]","[z]","66.6","13.6","43.2","7.6","2.1","0.1",49,"3.3",935,"43.2",77,43,18,11,4,1,"[z]","[z]","60.7","34.4","16.7","7.3","1.4","0.9",2,"1.7","[x]","[x]","8","3","3","0","[z]","[z]","[x]","[x]","25.3","11.3","8","1","0","6"
"2014-03",2014,3,1405,325,880,156,1511,352,954,161,37,7,"[z]","[z]","66.5","13.8","43.1","7.4","2.1","0.1",83,"3.3",954,"43.1",94,67,18,8,1,0,"[z]","[z]","63.4","37.5","16.7","7.1","1.4","0.7",5,"1.7","[x]","[x]","7","2","1","0","[z]","[z]","[x]","[x]","24.8","11.4","7.9","1","2","6.2"
"2014-04",2014,4,1418,327,903,132,1441,313,934,138,56,0,"[z]","[z]","65.6","13.5","42.6","7.2","2.2","0.1",68,"3.2",934,"42.6",89,61,22,4,2,0,"[z]","[z]","64","38.7","16.5","6.7","1.5","0.6",3,"1.8","[x]","[x]","7","5","1","0","[z]","[z]","[x]","[x]","23.5","10.9","7.7","1","0","5.7"
"2014-05",2014,5,1285,292,846,92,1289,268,872,94,49,6,"[z]","[z]","63.9","13.3","41.5","6.9","2.1","0.1",71,"3.2",872,"41.5",85,62,18,5,0,0,"[z]","[z]","64.5","40.6","15.6","6.2","1.4","0.6",1,"1.7","[x]","[x]","5","1","5","1","[z]","[z]","[x]","[x]","21.4","10.3","7.9","1.2","1","5.4"
"2014-06",2014,6,1210,325,725,123,1275,388,735,115,36,1,"[z]","[z]","62.3","13.3","40.2","6.7","2","0.1",73,"3.1",735,"40.2",94,70,15,9,0,0,"[z]","[z]","66.9","43.3","15.6","6.1","1.3","0.6",0,"1.6","[x]","[x]","7","1","5","0","[z]","[z]","[x]","[x]","21.7","10","8.5","1","3","4.9"
"2014-07",2014,7,1335,276,863,136,1399,278,916,145,58,2,"[z]","[z]","60.7","12.9","39.2","6.5","2","0.1",87,"3.1",916,"39.2",83,54,23,6,0,0,"[z]","[z]","66.6","43.8","15","6.1","1.3","0.5",1,"1.3","[x]","[x]","11","3","3","0","[z]","[z]","[x]","[x]","23","9.2","8","1","1","4.6"
"2014-08",2014,8,1200,251,798,113,1005,165,704,98,38,0,"[z]","[z]","59.1","12.6","38.2","6.2","2","0.1",64,"3",704,"38.2",54,38,11,5,0,0,"[z]","[z]","62.6","41.9","13.4","5.9","1.1","0.3",2,"1.4","[x]","[x]","6","3","1","1","[z]","[z]","[x]","[x]","22.9","8.9","8.2","1.2","3","5.1"
"2014-09",2014,9,1449,395,878,130,1431,408,856,121,46,0,"[z]","[z]","59","12.8","37.9","6.2","2","0.1",67,"3",856,"37.9",79,56,15,8,0,0,"[z]","[z]","61.8","42.1","12.7","5.8","0.9","0.3",1,"1.2","[x]","[x]","10","3","4","0","[z]","[z]","[x]","[x]","23","8.6","8.9","1.2","0","5"
"2014-10",2014,10,1273,238,874,115,1290,242,874,128,45,1,"[z]","[z]","58","12.7","37.4","6","1.9","0.1",88,"3.1",874,"37.4",72,47,18,4,3,0,"[z]","[z]","59.8","40.7","12.5","5.5","1.1","0.1",0,"1.2","[x]","[x]","7","0","5","0","[z]","[z]","[x]","[x]","21.4","7.9","8.6","0.5","1","5"
"2014-11",2014,11,1360,330,876,116,1311,321,835,117,37,1,"[z]","[z]","57.5","13","36.9","5.7","1.9","0.1",67,"3.1",835,"36.9",72,46,18,7,0,1,"[z]","[z]","59.7","40.6","12.7","5.3","1","0.2",2,"1.2","[x]","[x]","4","1","1","1","[z]","[z]","[x]","[x]","20.1","6.2","7.8","0.7","0","4.5"
"2014-12",2014,12,1364,328,840,142,1280,273,825,128,53,1,"[z]","[z]","57.4","13.1","36.6","5.7","2","0.1",77,"3.1",825,"36.6",69,36,19,14,0,0,"[z]","[z]","58.9","39.8","12.9","5.3","0.8","0.1",0,"1","[x]","[x]","10","4","6","0","[z]","[z]","[x]","[x]","21.2","6.6","8.7","0.7","0","3.8"
"2015-01",2015,1,1129,218,766,109,1127,256,728,107,34,2,"[z]","[z]","55.7","12.7","35.7","5.3","1.9","0.1",77,"3.1",728,"35.7",53,37,13,2,0,1,"[z]","[z]","56.1","37.6","12.7","5.1","0.6","0.2",3,"1.2","[x]","[x]","4","2","3","0","[z]","[z]","[x]","[x]","20.1","6.6","8.9","0.7","0","2.6"
"2015-02",2015,2,1301,300,854,114,1353,336,863,121,33,0,"[z]","[z]","54.8","12.6","35.2","5.1","1.8","0.1",59,"3.1",863,"35.2",72,48,15,7,0,2,"[z]","[z]","55.5","37.7","12.4","4.8","0.4","0.2",6,"1.5","[x]","[x]","1","4","3","0","[z]","[z]","[x]","[x]","18.4","6.7","8.8","0.7","0","2.6"
"2015-03",2015,3,1214,269,811,108,1322,302,878,116,26,0,"[z]","[z]","53.8","12.3","34.7","4.9","1.8","0",62,"3",878,"34.7",91,55,22,14,0,0,"[z]","[z]","55.1","36.8","12.6","5.1","0.3","0.2",0,"1.1","[x]","[x]","13","3","2","1","[z]","[z]","[x]","[x]","19.7","6.9","9","0.9","2","2.5"
"2015-04",2015,4,1235,263,808,129,1280,245,865,135,34,1,"[z]","[z]","52.9","12","34.3","4.9","1.7","0.1",73,"3",865,"34.3",72,46,19,6,0,1,"[z]","[z]","53.8","35.7","12.4","5.2","0.2","0.3",0,"1","[x]","[x]","9","2","5","1","[z]","[z]","[x]","[x]","20","6.2","9.9","1.1","0","2.5"
"2015-05",2015,5,1209,228,836,130,1162,201,820,126,15,0,"[z]","[z]","52.1","11.7","33.9","5","1.6","0",67,"2.9",820,"33.9",81,39,29,12,1,0,"[z]","[z]","53.3","34.2","13","5.6","0.2","0.3",1,"1","[x]","[x]","11","2","2","1","[z]","[z]","[x]","[x]","21.3","6.4","9.1","1.1","4","3.2"
"2015-06",2015,6,1288,260,861,121,1383,312,905,120,40,6,"[z]","[z]","52.2","11.4","34.2","5","1.6","0",45,"2.8",905,"34.2",68,34,27,5,1,1,"[z]","[z]","51.5","31.9","13.6","5.4","0.3","0.4",1,"1","[x]","[x]","4","1","2","0","[z]","[z]","[x]","[x]","20.4","6.4","8.4","1.1","2","3"
"2015-07",2015,7,1120,184,783,111,1158,181,820,115,42,0,"[z]","[z]","51","11","33.7","4.8","1.5","0",43,"2.7",820,"33.7",92,61,17,14,0,0,"[z]","[z]","51.8","32.1","13.2","5.8","0.3","0.4",1,"1","[x]","[x]","7","5","5","0","[z]","[z]","[x]","[x]","19.4","6.8","8.8","1.1","1","2.9"
"2015-08",2015,8,1348,292,887,138,1120,190,781,118,30,1,"[z]","[z]","51.1","11","33.7","4.9","1.5","0",37,"2.6",781,"33.7",79,49,19,10,1,0,"[z]","[z]","53","32.6","13.6","6.1","0.4","0.4",0,"0.9","[x]","[x]","3","3","4","0","[z]","[z]","[x]","[x]","18.6","6.7","9.4","0.9","0","2.2"
"2015-09",2015,9,1146,230,772,108,1162,243,777,106,36,0,"[z]","[z]","49.9","10.4","33.3","4.8","1.4","0",77,"2.6",777,"33.3",85,55,18,12,0,0,"[z]","[z]","53.1","32.4","13.7","6.3","0.4","0.4",3,"1","[x]","[x]","8","1","1","0","[z]","[z]","[x]","[x]","18","6.2","8.7","0.9","2","2.7"
"2015-10",2015,10,1173,165,850,125,1137,170,802,132,33,0,"[z]","[z]","49.1","10.1","32.8","4.8","1.4","0",31,"2.4",802,"32.8",96,68,20,8,0,0,"[z]","[z]","54.2","33.5","13.8","6.5","0.2","0.3",1,"1","[x]","[x]","6","5","2","0","[z]","[z]","[x]","[x]","17.7","7.3","8","0.9","3","3.1"
"2015-11",2015,11,1237,250,834,130,1240,254,827,136,23,0,"[z]","[z]","48.6","9.8","32.6","4.8","1.3","0",28,"2.2",827,"32.6",82,42,28,11,1,0,"[z]","[z]","54.6","33.1","14.3","6.7","0.2","0.3",1,"1","[x]","[x]","8","3","3","0","[z]","[z]","[x]","[x]","18.5","7.7","8.4","0.7","1","3.3"
"2015-12",2015,12,1151,195,839,89,1107,163,836,80,26,2,"[z]","[z]","47.7","9.4","32.5","4.6","1.2","0",32,"2.1",836,"32.5",77,40,28,6,1,2,"[z]","[z]","54.8","33.2","14.7","6.2","0.3","0.4",3,"1.2","[x]","[x]","4","5","6","0","[z]","[z]","[x]","[x]","17.1","7.9","8.3","0.7","4","4.2"
"2016-01",2016,1,1252,254,862,104,1230,294,803,101,32,0,"[z]","[z]","47.8","9.4","32.5","4.6","1.2","0",27,"1.9",803,"32.5",80,49,19,10,0,2,"[z]","[z]","56.1","33.7","15","6.6","0.3","0.5",2,"1.1","[x]","[x]","5","1","1","0","[z]","[z]","[x]","[x]","17.2","7.6","7.8","0.7","0","4.1"
"2016-02",2016,2,1101,208,776,94,1183,250,806,104,23,0,"[z]","[z]","46.9","9.1","32.2","4.5","1.2","0",23,"1.8",806,"32.2",73,39,24,9,1,0,"[z]","[z]","55.9","33","15.5","6.7","0.3","0.3",1,"0.8","[x]","[x]","8","6","1","0","[z]","[z]","[x]","[x]","18.6","8","7.3","0.6","1","4.3"
"2016-03",2016,3,1212,256,831,100,1301,255,908,113,25,0,"[z]","[z]","46.6","8.9","32.1","4.5","1.2","0",22,"1.6",908,"32.1",95,53,31,8,3,0,"[z]","[z]","55.9","32.8","15.9","6.3","0.5","0.3",2,"0.9","[x]","[x]","9","5","5","0","[z]","[z]","[x]","[x]","17.6","8.4","7.9","0.4","2","4.3"
"2016-04",2016,4,1221,221,850,111,1265,218,897,111,39,0,"[z]","[z]","46.3","8.7","32","4.4","1.2","0",46,"1.5",897,"32",98,56,31,10,1,0,"[z]","[z]","57.1","33.2","16.5","6.5","0.6","0.3",0,"0.9","[x]","[x]","8","2","0","0","[z]","[z]","[x]","[x]","17.3","8.3","6.8","0.2","1","4.5"
"2016-05",2016,5,1222,230,830,119,1205,213,830,119,43,0,"[z]","[z]","46.1","8.7","31.8","4.3","1.2","0",36,"1.4",830,"31.8",103,55,28,16,3,1,"[z]","[z]","58.1","34","16.4","6.7","0.7","0.3",1,"0.9","[x]","[x]","14","5","1","0","[z]","[z]","[x]","[x]","17.8","8.9","6.6","0","2","4"
"2016-06",2016,6,1209,198,870,108,1281,230,908,110,33,0,"[z]","[z]","45.5","8.4","31.6","4.3","1.2","0",42,"1.4",908,"31.6",95,51,29,12,2,1,"[z]","[z]","59.4","34.8","16.4","7.1","0.7","0.3",0,"0.8","[x]","[x]","6","2","2","2","[z]","[z]","[x]","[x]","18.1","9.1","6.5","0.4","3","4.2"
"2016-07",2016,7,1184,224,803,126,1117,203,769,114,30,1,"[z]","[z]","45.1","8.4","31.3","4.2","1.2","0",48,"1.4",769,"31.3",72,49,15,7,1,0,"[z]","[z]","58.1","34","16.3","6.7","0.8","0.3",1,"0.8","[x]","[x]","6","0","3","2","[z]","[z]","[x]","[x]","17.8","8","6.1","0.8","2","4.4"
"2016-08",2016,8,1184,234,828,103,1070,166,786,99,19,0,"[z]","[z]","44.7","8.3","31.1","4.1","1.1","0",35,"1.4",786,"31.1",91,51,21,18,0,1,"[z]","[z]","58.5","34","16.3","7.1","0.7","0.4",0,"0.8","[x]","[x]","4","4","4","0","[z]","[z]","[x]","[x]","17.9","8.1","6","0.8","0","4.4"
"2016-09",2016,9,1255,243,860,119,1303,258,890,122,29,4,"[z]","[z]","44.9","8.3","31.3","4.2","1.1","0",42,"1.3",890,"31.3",89,52,18,19,0,0,"[z]","[z]","58.5","33.7","16.3","7.5","0.7","0.4",2,"0.8","[x]","[x]","3","3","0","0","[z]","[z]","[x]","[x]","16.8","8.5","5.8","0.8","1","4.1"
"2016-10",2016,10,1281,302,832,129,1203,312,744,129,18,0,"[z]","[z]","44.8","8.7","30.9","4.1","1.1","0",47,"1.3",744,"30.9",66,42,14,10,0,0,"[z]","[z]","56.6","32.1","15.9","7.5","0.7","0.4",1,"0.8","[x]","[x]","6","2","4","0","[z]","[z]","[x]","[x]","16.7","7.8","6.2","0.8","1","3.7"
"2016-11",2016,11,1286,264,871,117,1340,281,898,127,34,0,"[z]","[z]","44.9","8.7","31","4.1","1.1","0",31,"1.3",898,"31",97,51,28,17,1,0,"[z]","[z]","57.3","32.5","15.8","7.8","0.7","0.4",1,"0.8","[x]","[x]","8","1","5","0","[z]","[z]","[x]","[x]","16.6","7.4","6.6","0.8","1","3.7"
"2016-12",2016,12,1261,252,875,114,1171,206,848,97,20,0,"[z]","[z]","44.8","8.8","30.8","4.1","1.1","0",31,"1.3",2552,"36",78,43,25,9,1,0,"[z]","[z]","57.1","32.5","15.6","8","0.7","0.3",0,"0.6","[x]","[x]","11","0","2","0","[z]","[z]","[x]","[x]","17.9","6.3","5.7","0.8","0","2.8"
"2017-01",2017,1,1275,248,881,115,1324,300,871,122,31,0,"[z]","[z]","44.9","8.8","30.9","4.2","1","0",36,"1.3",871,"36",53,30,13,10,0,0,"[z]","[z]","55.4","31.4","15.2","8","0.7","0.2",0,"0.5","[x]","[x]","5","4","4","0","[z]","[z]","[x]","[x]","17.8","6.9","6.3","0.8","1","3"
"2017-02",2017,2,1343,245,942,130,1363,283,920,134,26,0,"[z]","[z]","45.2","8.8","31","4.2","1","0",43,"1.4",920,"36.2",59,27,26,6,0,0,"[z]","[z]","54.4","30.6","15.2","7.8","0.7","0.2",2,"0.5","[x]","[x]","4","2","1","1","[z]","[z]","[x]","[x]","16.9","6","6.2","1","5","3.8"
"2017-03",2017,3,1284,219,930,106,1471,239,1084,119,29,0,"[z]","[z]","45.5","8.8","31.4","4.2","1.1","0",47,"1.5",1084,"36.5",64,35,22,6,1,0,"[z]","[z]","52.5","29.5","14.7","7.6","0.5","0.2",1,"0.5","[x]","[x]","10","0","4","0","[z]","[z]","[x]","[x]","17","5","6","1","1","3.6"
"2017-04",2017,4,1330,223,974,107,1239,179,932,102,25,1,"[z]","[z]","45.2","8.6","31.4","4.2","1","0",30,"1.4",932,"36.5",65,36,23,6,0,0,"[z]","[z]","50.5","28.3","14.2","7.4","0.5","0.2",0,"0.5","[x]","[x]","7","0","3","0","[z]","[z]","[x]","[x]","16.7","4.6","6.6","1","1","3.6"
"2017-05",2017,5,1081,266,677,111,1087,256,691,113,26,1,"[z]","[z]","44.7","8.7","30.8","4.1","1","0",22,"1.4",691,"35.9",83,40,27,11,0,5,"[z]","[z]","49.2","27.4","14.1","7.1","0.3","0.4",2,"0.5","[x]","[x]","5","0","1","0","[z]","[z]","[x]","[x]","14.8","3.6","6.5","1","3","3.8"
"2017-06",2017,6,1108,209,752,113,1173,235,789,115,34,0,"[z]","[z]","44.2","8.7","30.4","4.1","1","0",36,"1.3",807,"35.5",78,43,28,7,0,0,"[z]","[z]","48.1","26.8","14","6.8","0.2","0.3",2,"0.6","[x]","[x]","7","0","2","0","[z]","[z]","[x]","[x]","14.9","3.1","6.5","0.6","1","3.3"
"2017-07",2017,7,1243,271,858,88,1168,246,818,78,26,0,"[z]","[z]","44.1","8.8","30.4","4","0.9","0",36,"1.3",2070,"39.2",69,43,21,5,0,0,"[z]","[z]","47.8","26.4","14.2","6.6","0.2","0.3",3,"0.7","[x]","[x]","4","0","1","0","[z]","[z]","[x]","[x]","14.5","3.1","6.1","0.2","2","3.3"
"2017-08",2017,8,1143,218,793,104,1050,158,762,102,28,0,"[z]","[z]","43.9","8.7","30.2","4","1","0",37,"1.3",977,"39.6",57,43,7,7,0,0,"[z]","[z]","45.8","25.9","13.4","6","0.2","0.3",3,"0.9","[x]","[x]","7","2","2","0","[z]","[z]","[x]","[x]","15","2.7","5.6","0.2","3","3.9"
"2017-09",2017,9,1256,240,871,117,1282,243,893,118,28,0,"[z]","[z]","43.7","8.6","30.1","4","1","0",43,"1.3",1106,"40.1",100,64,27,9,0,0,"[z]","[z]","46.2","26.4","13.9","5.5","0.2","0.3",2,"0.9","[x]","[x]","3","1","2","0","[z]","[z]","[x]","[x]","14.9","2.3","6","0.2","1","3.9"
"2017-10",2017,10,1074,214,742,104,1044,241,681,108,14,0,"[z]","[z]","43.1","8.4","29.8","3.9","0.9","0",26,"1.2",876,"40.4",80,45,26,9,0,0,"[z]","[z]","46.7","26.5","14.5","5.4","0.2","0.3",0,"0.8","[x]","[x]","7","2","3","0","[z]","[z]","[x]","[x]","15","2.3","5.8","0.2","1","3.8"
"2017-11",2017,11,1161,176,860,101,1208,189,888,107,24,0,"[z]","[z]","42.6","8.1","29.7","3.8","0.9","0",29,"1.2",1355,"41.6",82,49,24,8,1,0,"[z]","[z]","45.8","26.3","14.2","4.9","0.2","0.3",0,"0.8","[x]","[x]","8","2","1","0","[z]","[z]","[x]","[x]","14.9","2.5","5","0.2","0","3.6"
"2017-12",2017,12,1270,219,915,119,1161,179,867,98,17,0,"[z]","[z]","42.4","8","29.7","3.8","0.9","0",47,"1.3",1193,"37.5",64,26,36,1,1,0,"[z]","[z]","44.9","25.3","14.7","4.5","0.2","0.3",1,"0.8","[x]","[x]","2","0","3","0","[z]","[z]","[x]","[x]","13.1","2.5","5.1","0.2","0","3.6"
"2018-01",2018,1,1310,205,937,116,1428,263,979,134,52,0,"[z]","[z]","42.6","7.9","29.9","3.9","1","0",45,"1.3",1105,"38.1",73,43,24,5,1,0,"[z]","[z]","45.8","25.9","15.2","4.2","0.2","0.3",1,"0.9","[x]","[x]","2","1","4","0","[z]","[z]","[x]","[x]","12.5","1.9","5.1","0.2","0","3.4"
"2018-02",2018,2,1353,269,941,119,1348,304,899,121,23,1,"[z]","[z]","42.5","7.9","29.8","3.8","0.9","0",52,"1.3",1254,"38.9",78,43,33,2,0,0,"[z]","[z]","46.6","26.6","15.6","4","0.2","0.3",2,"0.9","[x]","[x]","6","2","2","0","[z]","[z]","[x]","[x]","12.8","1.9","5.3","0","1","2.6"
"2018-03",2018,3,1263,238,878,120,1297,210,929,131,27,0,"[z]","[z]","41.8","7.8","29.3","3.8","0.9","0",34,"1.3",929,"38.4",86,46,35,4,0,1,"[z]","[z]","47.6","27.1","16.2","3.9","0.2","0.3",1,"0.9","[x]","[x]","6","5","0","0","[z]","[z]","[x]","[x]","12","2.8","4.5","0","1","2.6"
"2018-04",2018,4,1190,236,806,115,1209,219,841,116,33,0,"[z]","[z]","41.6","7.9","28.9","3.9","1","0",36,"1.3",841,"38",77,48,23,6,0,0,"[z]","[z]","48.1","27.6","16.1","3.8","0.2","0.3",2,"1","[x]","[x]","10","1","5","0","[z]","[z]","[x]","[x]","12.5","3","4.9","0","0","2.4"
"2018-05",2018,5,1342,232,980,104,1343,228,986,103,26,0,"[z]","[z]","42.3","7.8","29.7","3.8","1","0",45,"1.3",1064,"39",100,56,39,4,1,0,"[z]","[z]","48.8","28.4","16.7","3.5","0.2","0.1",1,"0.9","[x]","[x]","10","1","3","0","[z]","[z]","[x]","[x]","13.4","3.2","5.2","0","1","2"
"2018-06",2018,6,1395,285,945,129,1419,301,959,123,36,0,"[z]","[z]","42.8","8","30.1","3.8","1","0",34,"1.3",973,"39.4",89,51,31,4,0,3,"[z]","[z]","49.2","28.7","16.8","3.3","0.2","0.2",0,"0.8","[x]","[x]","10","0","4","0","[z]","[z]","[x]","[x]","13.9","3.1","5.6","0","2","2.2"
"2018-07",2018,7,1430,207,1028,167,1388,203,1008,149,28,0,"[z]","[z]","43.4","7.8","30.5","4","1","0",52,"1.4",1008,"36.2",76,32,36,5,3,0,"[z]","[z]","49.5","28.1","17.5","3.3","0.4","0.2",0,"0.7","[x]","[x]","8","1","2","0","[z]","[z]","[x]","[x]","14.5","3.3","5.7","0","1","2"
"2018-08",2018,8,1546,380,1020,110,1429,291,991,111,36,0,"[z]","[z]","44.3","8.2","31.1","4","1","0",38,"1.4",991,"36.2",81,44,31,6,0,0,"[z]","[z]","50.6","28","18.7","3.2","0.4","0.2",6,"0.8","[x]","[x]","9","1","1","0","[z]","[z]","[x]","[x]","14.8","3.1","5.5","0","1","1.6"
"2018-09",2018,9,1412,253,1008,120,1402,247,1006,118,31,0,"[z]","[z]","44.5","8.2","31.3","4","1","0",32,"1.3",1006,"35.8",75,40,29,6,0,0,"[z]","[z]","49.1","26.7","18.8","3.1","0.4","0.2",2,"0.8","[x]","[x]","6","4","1","1","[z]","[z]","[x]","[x]","15.3","3.6","5.3","0.2","0","1.5"
"2018-10",2018,10,1337,274,925,108,1357,332,877,118,30,0,"[z]","[z]","45.3","8.4","31.8","4","1","0",28,"1.3",877,"35.7",76,43,26,5,1,1,"[z]","[z]","48.8","26.6","18.7","2.9","0.4","0.3",2,"0.9","[x]","[x]","11","1","1","0","[z]","[z]","[x]","[x]","16","3.4","4.9","0.2","0","1.3"
"2018-11",2018,11,1321,240,929,132,1378,262,959,137,20,0,"[z]","[z]","45.6","8.6","31.9","4.1","1","0",33,"1.3",960,"34.4",81,35,27,19,0,0,"[z]","[z]","48.6","25.8","18.8","3.4","0.4","0.3",0,"0.9","[x]","[x]","10","2","3","0","[z]","[z]","[x]","[x]","16.3","3.4","5.2","0.2","0","1.3"
"2018-12",2018,12,1153,269,743,125,1053,228,706,103,16,0,"[z]","[z]","45.1","8.7","31.3","4.1","1","0",28,"1.3",1481,"35.1",88,49,30,9,0,0,"[z]","[z]","49.6","26.8","18.4","3.8","0.3","0.3",0,"0.9","[x]","[x]","5","5","1","0","[z]","[z]","[x]","[x]","16.7","4.3","4.8","0.2","0","1.3"
"2019-01",2019,1,1565,245,1108,170,1724,317,1169,196,42,0,"[z]","[z]","45.8","8.8","31.8","4.3","1","0",56,"1.3",1170,"35.2",87,57,24,6,0,0,"[z]","[z]","50.2","27.5","18.4","3.8","0.3","0.3",1,"0.9","16","7","7","2","0","0","[z]","[z]","[x]","[x]","17.5","4.5","4.1","0.2","1","1.4"
"2019-02",2019,2,1249,239,863,124,1213,259,806,125,23,0,"[z]","[z]","45.3","8.7","31.4","4.3","1","0",46,"1.3",806,"33.8",91,51,22,18,0,0,"[z]","[z]","50.7","27.8","17.8","4.6","0.3","0.3",1,"0.8","19","9","10","0","0","0","[z]","[z]","[x]","[x]","18.1","4.1","3.7","0.2","0","1.2"
"2019-03",2019,3,1509,253,1062,165,1580,237,1139,175,29,0,"[z]","[z]","45.9","8.7","31.9","4.4","1","0",43,"1.3",1139,"34.3",96,68,22,6,0,0,"[z]","[z]","51.1","28.8","17.1","4.7","0.3","0.2",0,"0.8","31","25","6","0","0","0","[z]","[z]","[x]","[x]","18","3.2","3.7","0.2","1","1.2"
"2019-04",2019,4,1459,286,1013,134,1426,234,1021,145,26,0,"[z]","[z]","46.4","8.7","32.3","4.4","1","0",24,"1.3",1021,"34.7",102,66,31,5,0,0,"[z]","[z]","52.1","29.6","17.4","4.7","0.3","0.2",0,"0.7","19","3","10","2","4","0","[z]","[z]","[x]","[x]","17.9","3.3","3.5","0.2","0","1.2"
"2019-05",2019,5,1364,280,953,100,1348,272,950,95,31,0,"[z]","[z]","46.2","8.8","32.1","4.4","1","0",45,"1.3",950,"34.2",78,50,21,7,0,0,"[z]","[z]","50.9","29.2","16.5","4.8","0.2","0.2",3,"0.7","40","35","4","0","1","0","[z]","[z]","[x]","[x]","16.8","3.2","3.2","0.2","0","1.1"
"2019-06",2019,6,1508,277,1025,171,1465,274,1007,149,35,0,"[z]","[z]","46.2","8.7","32.1","4.5","1","0",51,"1.3",1007,"34.2",67,45,20,2,0,0,"[z]","[z]","49.6","28.8","15.9","4.7","0.2","0",2,"0.8","29","16","7","3","3","0","[z]","[z]","[x]","[x]","16.2","3.7","3","0.2","0","0.7"
"2019-07",2019,7,1432,243,991,159,1439,249,1005,146,39,0,"[z]","[z]","46.2","8.8","32","4.4","1","0",38,"1.3",1005,"34.1",96,45,38,11,0,2,"[z]","[z]","50.5","29.4","15.9","5","0","0.1",1,"0.9","21","12","7","0","2","0","[z]","[z]","[x]","[x]","15.9","3.5","2.9","0.2","0","0.5"
"2019-08",2019,8,1479,255,1013,181,1365,195,963,177,30,0,"[z]","[z]","45.8","8.5","31.8","4.6","1","0",44,"1.3",963,"33.9",76,47,26,3,0,0,"[z]","[z]","50.1","29.5","15.6","4.8","0","0.1",1,"0.6","22","5","14","2","1","0","[z]","[z]","[x]","[x]","16.7","3.6","2.9","0.2","3","0.9"
"2019-09",2019,9,1479,231,1071,154,1509,228,1099,159,22,1,"[z]","[z]","46","8.4","31.9","4.7","0.9","0",49,"1.3",1099,"34",76,43,28,4,1,0,"[z]","[z]","50","29.5","15.5","4.7","0.1","0.1",0,"0.5","36","28","6","1","1","0","[z]","[z]","[x]","[x]","16.6","3.1","2.9","0","1","1"
"2019-10",2019,10,1465,193,1090,146,1477,237,1045,159,36,0,"[z]","[z]","46.1","8.1","32.3","4.8","0.9","0",63,"1.4",1045,"34.4",81,55,20,6,0,0,"[z]","[z]","50.1","30","15.2","4.7","0","0.1",0,"0.4","51","39","5","6","1","0","[z]","[z]","[x]","[x]","15.5","3.9","2.9","0","2","1.4"
"2019-11",2019,11,1496,252,1071,152,1505,270,1064,150,21,0,"[z]","[z]","46.3","8.1","32.4","4.8","0.9","0",36,"1.4",1064,"34.5",86,56,24,6,0,0,"[z]","[z]","50.2","31","15","4.1","0","0.1",0,"0.4","31","22","6","3","0","0","[z]","[z]","[x]","[x]","14.7","4.1","2.4","0","0","1.4"
"2019-12",2019,12,1165,188,796,160,1119,170,788,140,21,0,"[z]","[z]","46.4","7.9","32.6","4.9","1","0",35,"1.4",788,"32.6",89,47,35,7,0,0,"[z]","[z]","50.1","30.8","15.2","4","0","0.1",1,"0.5","32","18","8","2","4","0","[z]","[z]","[x]","[x]","15.2","3.5","2.9","0","1","1.5"
"2020-01",2020,1,1379,234,962,151,1502,295,1006,169,32,0,"[z]","[z]","45.6","7.9","32","4.8","0.9","0",48,"1.4",1006,"32",72,45,20,6,1,0,"[z]","[z]","49.2","30.1","15","3.9","0.1","0.1",1,"0.5","26","21","3","0","2","0","[z]","[z]","59.9","39.1","14.4","3.2","3.2","0","0","1.3"
"2020-02",2020,2,1425,231,1026,148,1345,231,947,147,19,1,"[z]","[z]","45.9","7.8","32.3","4.9","0.9","0",44,"1.4",947,"32.3",85,44,35,6,0,0,"[z]","[z]","48.8","29.7","15.6","3.4","0.1","0.1",1,"0.5","27","18","6","0","2","1","[z]","[z]","60.9","40.4","13.7","3.2","3.5","0.2","0","1.3"
"2020-03",2020,3,1133,187,813,115,1231,175,907,131,18,0,"[z]","[z]","44.8","7.6","31.6","4.7","0.9","0",27,"1.3",907,"31.6",76,47,21,8,0,0,"[z]","[z]","47.7","28.6","15.5","3.4","0.1","0.1",0,"0.5","30","12","11","4","3","0","[z]","[z]","60.5","38","14.5","3.8","4","0.2","0","1.2"
"2020-04",2020,4,1210,126,933,129,1199,100,933,144,21,1,"[z]","[z]","44","7.2","31.3","4.7","0.9","0",40,"1.4",933,"31.3",46,17,24,4,1,0,"[z]","[z]","45","26.2","15.1","3.4","0.1","0.1",2,"0.6","3","0","1","0","2","0","[z]","[z]","57.5","37.4","12.9","3.5","3.6","0.2","1","1.3"
"2020-05",2020,5,1032,39,853,128,944,32,790,110,12,0,"[z]","[z]","42.9","6.5","30.8","4.7","0.8","0",64,"1.4",790,"30.8",34,10,15,6,3,0,"[z]","[z]","42.7","24.2","14.8","3.3","0.3","0.1",2,"0.5","5","0","2","1","2","0","[z]","[z]","51.6","31.5","12.5","3.6","3.8","0.2","1","1.5"
"2020-06",2020,6,719,70,527,108,741,70,557,100,14,0,"0","0","40.8","6","29.5","4.6","0.8","0",36,"1.4",557,"29.5",46,21,19,6,0,0,"0","0","41.6","23","14.7","3.5","0.3","0.1",1,"0.5","9","0","7","1","1","0","0","0","48.1","28.7","12.5","3.3","3.4","0.2","1","1.6"
"2020-07",2020,7,976,171,587,201,964,175,590,182,17,0,"1","0","39.4","5.8","28.3","4.7","0.7","0",41,"1.4",590,"28.3",53,21,28,4,0,0,"0","0","39.5","21.8","14.2","3.2","0.3","0",0,"0.4","10","1","7","1","1","0","0","0","46.1","26.8","12.4","3.4","3.3","0.2","1","1.8"
"2020-08",2020,8,860,105,626,113,789,79,585,109,15,1,"0","0","37.7","5.4","27.2","4.5","0.7","0",43,"1.4",585,"27.2",43,18,21,3,1,0,"0","0","37.7","20.3","13.9","3.2","0.3","0",0,"0.4","4","0","2","2","0","0","0","0","43","25.9","10.4","3.4","3.1","0.2","0","1.3"
"2020-09",2020,9,899,51,715,102,928,49,739,109,31,0,"1","1","36","4.9","26.1","4.3","0.7","0",38,"1.4",739,"26.1",43,12,22,9,0,0,"0","0","36","18.8","13.6","3.4","0.3","0",3,"0.5","10","0","7","1","2","0","0","0","38.6","21.2","10.5","3.4","3.2","0.2","1","1.3"
"2020-10",2020,10,886,59,709,97,863,67,672,103,21,0,"0","0","34.2","4.5","25","4.2","0.6","0",47,"1.3",672,"25",42,10,26,5,0,1,"0","0","34","16.6","13.8","3.3","0.3","0",1,"0.6","8","1","5","0","2","0","0","0","31.5","15","10.5","2.4","3.4","0.2","2","1.3"
"2020-11",2020,11,889,35,766,73,890,37,765,73,15,0,"2","1","32.4","3.8","24.1","3.9","0.6","0",49,"1.3",765,"24.1",46,13,26,7,0,0,"0","0","32","14.5","13.8","3.4","0.3","0",1,"0.6","7","0","5","1","1","0","0","0","27.5","11.4","10.3","2.1","3.5","0.2","3","1.8"
"2020-12",2020,12,1222,46,969,162,1234,43,996,150,45,0,"0","0","32.5","3.5","24.4","3.9","0.7","0",88,"1.5",996,"24.4",57,21,25,11,0,0,"0","0","30.4","13.2","13.3","3.5","0.3","0",1,"0.6","9","1","5","0","3","0","0","0","23.6","8.6","9.7","1.8","3.4","0.2","1","1.8"
"2021-01",2021,1,792,45,649,77,758,51,613,73,21,0,"0","3","30.4","2.8","23.3","3.7","0.6","0",50,"1.5",613,"23.3",23,12,11,0,0,0,"0","0","27.9","11.6","12.8","3.2","0.2","0",4,"0.8","3","2","1","0","0","0","0","0","19.9","5.6","9.4","1.7","3","0.2","0","1.7"
"2021-02",2021,2,754,37,654,57,685,33,590,56,6,0,"0","0","28.5","2.3","22.2","3.4","0.6","0",48,"1.5",590,"22.2",26,7,16,2,1,0,"0","0","25.1","9.8","11.9","3","0.3","0",0,"0.7","5","0","5","0","0","0","0","0","16.3","2.7","9.2","1.7","2.7","0","0","1.7"
"2021-03",2021,3,907,34,801,62,999,33,882,74,10,0,"0","0","27.8","1.9","22","3.2","0.6","0",63,"1.5",882,"22",43,11,27,4,1,0,"0","2","23.4","8.1","12.1","2.8","0.3","0",2,"0.8","7","0","5","1","1","0","0","0","12.6","0.8","8.2","1.3","2.4","0","0","1.7"
"2021-04",2021,4,893,37,785,66,925,30,815,75,5,0,"0","1","26.9","1.8","21.5","3","0.5","0",32,"1.5",815,"21.5",38,9,28,1,0,0,"0","0","22.9","7.7","12.3","2.7","0.3","0",1,"0.7","5","3","2","0","0","0","0","0","12.8","1.2","8.3","1.2","2","0","0","1.6"
"2021-05",2021,5,1094,38,998,51,1012,34,928,43,6,1,"0","3","26.8","1.7","21.7","2.9","0.5","0",45,"1.4",928,"21.7",51,8,37,5,1,0,"0","0","23.6","7.5","13.2","2.6","0.2","0",1,"0.7","7","1","6","0","0","0","0","0","13","1.4","8.8","1.1","1.7","0","0","1.4"
"2021-06",2021,6,1143,35,1050,44,1206,37,1116,39,14,0,"1","0","27.8","1.7","23","2.7","0.5","0",48,"1.5",1116,"23",76,14,61,1,0,0,"0","0","24.9","7.2","15.1","2.4","0.2","0",0,"0.6","11","1","9","1","0","0","0","0","13.2","1.5","9.1","1.1","1.5","0","0","1.2"
"2021-07",2021,7,1129,43,1033,47,1096,44,1006,40,6,0,"8","0","28","1.3","23.9","2.3","0.5","0",23,"1.4",1006,"23.9",72,14,54,4,0,0,"0","0","25.7","6.8","16.2","2.4","0.2","0",1,"0.7","14","1","12","0","1","0","0","0","13.8","1.5","9.8","0.9","1.5","0","0","1.1"
"2021-08",2021,8,1366,46,1263,55,1347,38,1252,55,2,0,"0","0","29.2","1.2","25.4","2.2","0.4","0",50,"1.4",1252,"25.4",89,11,76,2,0,0,"0","0","27.7","6.5","18.7","2.3","0.1","0",0,"0.7","9","1","8","0","0","0","0","0","14.5","1.7","10.7","0.6","1.5","0","0","1.1"
"2021-09",2021,9,1449,32,1327,78,1453,32,1328,81,12,0,"1","0","30.4","1.2","26.7","2.1","0.4","0",44,"1.4",1328,"26.7",70,8,52,10,0,0,"0","0","28.9","6.3","20","2.4","0.1","0",1,"0.6","11","0","9","1","1","0","0","0","14.6","1.7","10.9","0.6","1.4","0","0","0.9"
"2021-10",2021,10,1485,47,1328,94,1410,53,1246,95,16,0,"1","0","31.6","1.1","28","2.1","0.4","0",29,"1.4",1246,"28",67,11,54,2,0,0,"0","0","30","6.3","21.3","2.2","0.1","0",0,"0.5","14","1","12","1","0","0","0","0","15.4","1.7","11.9","0.8","1.1","0","0","0.6"
"2021-11",2021,11,1592,44,1451,87,1676,54,1519,93,10,0,"0","1","33.4","1.2","29.8","2.1","0.4","0",23,"1.3",1519,"29.8",104,21,76,7,0,0,"0","0","32.6","6.7","23.6","2.2","0.1","0",1,"0.5","9","2","6","1","0","0","0","0","15.6","2","12","0.8","0.9","0","0","0.2"
"2021-12",2021,12,1455,55,1315,78,1490,52,1359,72,7,0,"0","0","34","1.2","30.6","1.9","0.3","0",24,"1.2",1359,"30.6",93,17,73,3,0,0,"0","0","34.2","6.5","25.7","1.9","0.1","0",2,"0.6","9","7","0","1","1","0","0","0","15.6","2.8","11.2","0.9","0.6","0","0","0"
"2022-01",2022,1,1667,111,1464,79,1567,124,1359,71,13,0,"0","0","35.9","1.4","32.3","1.9","0.3","0",24,"1.1",1359,"32.3",51,14,34,3,0,0,"0","0","35.5","6.6","26.7","2","0.1","0",1,"0.5","18","2","12","0","3","1","0","0","17.7","2.8","12.8","0.9","1","0.1","0","0"
"2022-02",2022,2,1664,92,1459,110,1518,77,1329,109,3,0,"18","0","37.8","1.5","34","2","0.3","0",22,"1",1329,"34",73,10,60,3,0,0,"0","0","37.6","6.7","28.7","2","0.1","0",1,"0.5","18","10","4","4","0","0","0","0","19.6","4.3","12.6","1.5","1","0.1","0","0"
"2022-03",2022,3,1860,143,1600,108,2120,140,1842,129,9,0,"3","0","40.4","1.7","36.3","2.2","0.2","0",17,"0.9",1842,"36.3",86,9,71,6,0,0,"0","0","39.5","6.6","30.7","2.1","0","0",0,"0.4","20","7","12","1","0","0","0","0","21.4","5.3","13.6","1.5","0.9","0.1","1","0.1"
"2022-04",2022,4,2048,118,1817,103,1988,94,1771,113,10,0,"2","1","42.9","1.9","38.5","2.3","0.3","0",39,"0.9",1771,"38.5",92,17,73,1,1,0,"0","0","41.9","7","32.7","2.1","0.1","0",0,"0.4","13","6","4","2","1","0","0","0","22.6","5.7","13.9","1.8","1","0.1","0","0.1"
"2022-05",2022,5,1865,158,1602,91,1825,142,1585,84,14,0,"0","0","44.8","2.1","40","2.3","0.3","0",20,"0.9",1585,"40",93,19,68,6,0,0,"0","0","43.8","7.5","34.1","2.2","0","0",2,"0.4","20","3","17","0","0","0","0","0","24.4","6","15.4","1.8","1","0.1","0","0.1"
"2022-06",2022,6,1616,144,1364,99,1699,148,1452,90,8,1,"1","0","45.8","2.4","40.7","2.5","0.3","0",20,"0.8",1452,"40.7",75,8,66,1,0,0,"0","0","43.7","7.2","34.3","2.2","0","0",0,"0.4","25","11","12","0","2","0","0","0","26.3","7.5","15.8","1.6","1.3","0.1","1","0.3"
"2022-07",2022,7,1933,138,1696,94,1830,137,1607,81,5,0,"0","0","47.5","2.6","42.1","2.6","0.3","0",22,"0.8",1607,"42.1",69,15,54,0,0,0,"0","0","43.5","7.2","34.2","2","0","0",1,"0.4","14","1","10","3","0","0","0","0","26.2","7.4","15.4","2","1.2","0.1","0","0.3"
"2022-08",2022,8,1878,175,1580,110,1941,152,1660,116,13,0,"1","0","48.8","2.9","42.9","2.7","0.3","0",23,"0.7",1660,"42.9",106,38,65,3,0,0,"0","0","44.2","8.4","33.7","2","0","0",1,"0.5","14","2","10","1","1","0","0","0","26.9","7.6","15.7","2.2","1.3","0.1","0","0.3"
"2022-09",2022,9,1719,223,1403,82,1692,220,1376,85,11,0,"0","1","49.2","3.3","43","2.7","0.3","0",24,"0.7",1376,"43",103,25,69,8,1,0,"0","0","45.6","9.2","34.4","1.9","0.1","0",5,"0.6","22","2","18","0","2","0","0","0","28.4","7.8","16.9","2","1.4","0.1","0","0.3"
"2022-10",2022,10,1987,224,1652,106,1956,252,1592,107,5,0,"0","0","50.4","3.8","43.7","2.7","0.3","0",16,"0.6",1592,"43.7",82,19,55,8,0,0,"0","0","46.1","9.5","34.3","2.2","0.1","0",1,"0.7","15","0","12","3","0","0","0","0","28.4","7.6","16.9","2.3","1.4","0.1","1","0.4"
"2022-11",2022,11,1869,238,1499,122,2033,297,1592,134,10,0,"0","0","51.1","4.3","43.7","2.8","0.3","0",18,"0.6",1592,"43.7",118,42,72,3,1,0,"0","0","46.7","10.4","34.1","2","0.1","0",1,"0.7","20","2","16","0","2","0","0","0","29.9","7.6","18.2","2.2","1.7","0.1","0","0.4"
"2022-12",2022,12,2029,205,1686,128,1964,186,1656,112,10,0,"0","0","52.1","4.6","44.3","2.9","0.3","0",20,"0.6",1656,"44.3",114,22,85,7,0,0,"0","0","47.5","10.7","34.6","2.2","0.1","0",0,"0.6","15","2","11","2","0","0","0","0","30.6","6.9","19.8","2.3","1.6","0.1","0","0.4"
"2023-01",2023,1,1772,183,1480,95,1685,204,1381,86,14,0,"2","1","52.3","4.8","44.3","2.9","0.3","0",21,"0.6",1381,"44.3",109,53,54,2,0,0,"0","0","50","12.4","35.4","2.1","0.1","0",0,"0.5","14","1","9","0","4","0","0","0","30","6.7","19.3","2.3","1.7","0","2","0.7"
"2023-02",2023,2,1968,200,1649,107,1802,162,1520,108,12,0,"0","0","52.8","5","44.6","2.9","0.3","0",19,"0.6",1520,"44.6",86,22,61,3,0,0,"0","0","50.5","12.9","35.4","2.1","0.1","0",2,"0.6","13","1","10","0","2","0","0","0","29.2","5.4","20.1","1.7","2","0","0","0.7"
"2023-03",2023,3,2198,299,1766,120,2470,302,2010,145,13,0,"0","7","53.5","5.4","44.9","2.9","0.3","0",26,"0.6",2010,"44.9",104,40,61,2,0,1,"0","0","51.2","14.2","34.8","2","0.1","0",1,"0.6","13","2","9","2","0","0","0","0","28.1","4.7","19.6","1.8","2","0","0","0.6"
"2023-04",2023,4,1800,231,1440,117,1685,187,1364,122,12,0,"1","1","52.6","5.6","43.8","3","0.3","0",7,"0.5",1364,"43.8",114,41,64,9,0,0,"0","0","52.1","15.3","34.4","2.3","0.1","0",0,"0.6","9","2","5","2","0","0","0","0","27.4","4.1","19.6","1.8","1.8","0","0","0.6"
"2023-05",2023,5,2479,207,2088,154,2550,194,2175,151,30,0,"1","0","54.2","5.7","45","3.1","0.3","0",16,"0.5",2175,"45",97,35,57,5,0,0,"0","0","52.1","15.9","33.8","2.3","0.1","0",0,"0.5","11","2","8","0","1","0","0","0","26","3.9","18.3","1.8","2","0","0","0.6"
"2023-06",2023,6,2081,249,1681,137,2168,265,1759,130,14,0,"1","0","55.1","5.9","45.6","3.2","0.3","0",14,"0.5",1759,"45.6",113,36,72,5,0,0,"0","0","53.7","17.2","34","2.4","0.1","0",2,"0.6","15","3","11","0","1","0","0","0","24.5","2.8","18.1","1.8","1.8","0","0","0.4"
"2023-07",2023,7,1792,241,1397,135,1723,249,1332,123,19,0,"1","3","54.7","6.2","44.9","3.3","0.4","0",12,"0.5",1332,"44.9",97,44,51,2,0,0,"0","0","54.8","18.4","33.8","2.5","0.1","0",0,"0.6","13","3","8","0","2","0","0","0","24.3","3.1","17.7","1.4","2.1","0","0","0.4"
"2023-08",2023,8,2245,259,1784,190,2318,232,1879,195,11,1,"0","0","55.4","6.3","45.2","3.5","0.4","0",26,"0.5",1879,"45.2",112,33,71,8,0,0,"0","0","54.9","18.1","34","2.7","0.1","0",1,"0.6","12","2","6","0","4","0","0","0","23.9","3.1","17.1","1.2","2.5","0","0","0.4"
"2023-09",2023,9,2109,269,1702,127,1966,256,1574,125,11,0,"0","1","55.8","6.4","45.5","3.5","0.4","0",14,"0.5",1574,"45.5",87,30,52,5,0,0,"0","0","54.1","18.3","33.1","2.6","0","0",1,"0.4","37","25","9","1","2","0","0","0","25.8","6.2","15.7","1.4","2.5","0","0","0.4"
"2023-10",2023,10,2258,221,1871,142,2317,260,1887,146,23,1,"1","0","56.5","6.4","46.1","3.6","0.4","0",23,"0.5",1887,"46.1",98,35,57,4,2,0,"0","0","54.6","18.9","33.1","2.4","0.1","0",2,"0.4","27","14","12","1","0","0","0","0","27.3","8.1","15.6","1.1","2.5","0","0","0.3"
"2023-11",2023,11,2262,289,1842,119,2468,364,1959,133,12,0,"0","0","57.3","6.5","46.8","3.6","0.4","0",24,"0.5",1959,"46.8",109,30,74,5,0,0,"0","0","54.1","18.4","33.1","2.5","0.1","0",0,"0.4","30","13","10","5","2","0","0","0","28.5","9.5","14.7","1.8","2.5","0","0","0.3"
"2023-12",2023,12,2196,190,1867,124,2012,164,1730,103,15,0,"2","1","57.2","6.5","46.7","3.6","0.4","0",19,"0.5",1730,"46.7",108,40,65,3,0,0,"0","0","53.7","19.1","32.2","2.3","0.1","0",1,"0.4","24","6","16","1","1","0","0","0","29.4","10","15.2","1.6","2.6","0","0","0.3"
"2024-01",2024,1,1827,303,1381,127,1768,338,1294,120,16,0,"3","0","57.1","6.7","46.4","3.6","0.4","0",15,"0.5",1294,"46.4",88,34,46,7,1,0,"0","0","52.6","18.2","31.7","2.5","0.1","0",1,"0.5","30","8","17","1","4","0","0","0","31.3","10.8","16.2","1.7","2.5","0","0","0"
"2024-02",2024,2,2194,270,1753,159,2110,228,1704,166,12,0,"0","0","57.6","6.9","46.6","3.7","0.4","0",22,"0.5",1704,"46.6",94,33,58,3,0,0,"0","0","52.8","18.6","31.5","2.5","0.1","0",0,"0.4","26","14","9","3","0","0","0","0","32.6","12.4","15.9","2.1","2.2","0","1","0.1"
"2024-03",2024,3,1829,275,1443,102,1786,231,1434,112,9,0,"0","1","55.9","6.7","45.1","3.7","0.4","0",18,"0.5",1434,"45.1",115,44,62,9,0,0,"0","0","53.1","18.7","31.4","2.8","0.1","0",2,"0.4","26","8","14","1","3","0","1","0","33.9","13.1","16.3","2","2.6","0","1","0.3"
"2024-04",2024,4,2135,278,1691,148,2308,289,1835,166,18,0,"0","0","57","6.9","46","3.7","0.4","0",19,"0.5",1835,"46",109,48,59,2,0,0,"0","0","52.7","19","31.1","2.5","0.1","0",0,"0.4","33","17","12","2","2","0","0","0","36.6","14.8","17","1.9","2.8","0","0","0.3"
"2024-05",2024,5,1931,263,1527,122,2000,248,1612,121,19,0,"1","0","55.6","7","44.6","3.7","0.4","0",14,"0.5",1612,"44.6",118,43,71,4,0,0,"0","0","53.4","19.3","31.6","2.4","0.1","0",1,"0.5","44","22","20","0","2","0","0","0","40.3","17.2","18.3","1.9","2.9","0","0","0.3"
"2024-06",2024,6,2434,288,1958,165,2349,294,1884,148,23,0,"0","0","55.8","7","44.7","3.7","0.4","0",22,"0.5",1884,"44.7",109,43,60,6,0,0,"0","0","53.1","19.5","31","2.5","0.1","0",0,"0.4","17","8","7","1","1","0","0","0","40.1","17.6","17.6","2","2.9","0","0","0.3"
"2024-07",2024,7,2054,295,1596,138,2147,336,1640,146,25,0,"2","2","56.6","7.2","45.2","3.7","0.4","0",22,"0.5",1640,"45.2",117,33,76,8,0,0,"0","0","53.8","19","31.9","2.7","0.1","0",1,"0.4","20","5","10","4","1","0","0","0","40.4","17.6","17.6","2.5","2.7","0","1","0.4"
"2024-08",2024,8,1908,272,1501,115,1894,238,1526,110,20,0,"2","1","55.5","7.2","44.3","3.5","0.4","0",29,"0.5",1526,"44.3",102,42,56,2,0,2,"0","0","53.2","19.3","31.2","2.5","0.1","0.1",1,"0.4","11","1","9","0","1","0","0","0","39.9","17.3","17.8","2.5","2.3","0","0","0.4"
"2024-09",2024,9,1941,237,1537,150,1804,224,1417,146,17,0,"0","0","55","7.1","43.9","3.6","0.5","0",24,"0.6",1417,"43.9",73,18,48,7,0,0,"0","0","52.5","18.7","31","2.5","0.1","0.1",0,"0.4","28","15","10","2","1","0","0","0","38.3","15.9","17.7","2.5","2.2","0","0","0.4"
"2024-10",2024,10,1708,175,1416,103,1828,211,1496,107,12,2,"0","4","53.9","7","43","3.5","0.4","0",18,"0.5",1496,"43",115,60,49,5,0,1,"0","0","53.1","19.8","30.6","2.6","0","0.1",2,"0.4","31","17","12","1","1","0","0","0","38.5","16.1","17.6","2.5","2.3","0","2","0.6"
"2024-11",2024,11,1985,277,1559,134,2103,337,1609,142,14,1,"2","1","53","6.9","42.2","3.5","0.4","0",22,"0.5",1609,"42.2",114,54,55,5,0,0,"0","0","53.1","20.7","29.7","2.6","0","0.1",1,"0.4","16","3","10","1","2","0","0","0","36.6","14.8","17.4","2","2.3","0","0","0.6"
"2024-12",2024,12,1931,307,1475,132,1784,266,1388,113,17,0,"0","0","52.5","7.1","41.4","3.5","0.4","0",17,"0.5",1388,"41.4",82,27,52,3,0,0,"0","1","51.9","20.1","29.1","2.6","0","0.1",0,"0.4","23","4","17","1","1","0","0","0","36.2","14.5","17.5","2","2.3","0","1","0.7"
"2025-01",2025,1,2042,292,1598,138,1936,321,1469,132,14,0,"1","0","52.8","7.1","41.8","3.5","0.4","0",19,"0.5",1469,"41.8",75,32,37,6,0,0,"1","0","51.3","20","28.6","2.5","0","0.1",0,"0.3","28","15","10","3","0","0","0","0","35.9","15.3","16.6","2.3","1.8","0","0","0.7"
"2025-02",2025,2,2029,392,1514,116,1878,322,1433,116,7,0,"0","0","52.3","7.3","41.2","3.4","0.4","0",22,"0.5",1433,"41.2",103,38,60,5,0,0,"0","0","51.6","20.2","28.7","2.6","0","0.1",0,"0.3","21","9","8","2","2","0","0","0","35.3","14.7","16.4","2.1","2","0","0","0.6"
"2025-03",2025,3,1996,291,1558,130,2080,283,1637,143,17,0,"0","1","53","7.4","41.6","3.5","0.4","0",28,"0.6",1637,"41.6",118,57,55,6,0,0,"0","0","51.6","20.7","28.3","2.5","0","0.1",3,"0.4","29","9","12","6","2","0","0","0","35.6","14.8","16.2","2.7","1.9","0","0","0.5"
"2025-04",2025,4,2011,363,1521,102,2060,342,1579,114,24,1,"1","1","52.5","7.5","41.1","3.4","0.5","0",28,"0.6",1579,"41.1",101,51,47,3,0,0,"0","0","51.2","20.8","27.8","2.5","0","0.1",1,"0.4","30","14","11","2","3","0","0","0","35.3","14.5","16.1","2.7","2","0","1","0.6"
"2025-05",2025,5,2215,343,1718,140,2228,314,1768,132,14,0,"0","0","53","7.7","41.5","3.4","0.4","0",18,"0.6",1768,"41.5",133,72,56,5,0,0,"0","0","51.7","22","27.1","2.5","0","0.1",1,"0.4","53","33","13","6","1","0","0","0","36.5","15.8","15.3","3.4","1.9","0","0","0.6"
"2025-06",2025,6,2048,324,1603,106,2073,351,1603,104,15,0,"1","2","52.4","7.8","40.9","3.3","0.4","0",37,"0.6",1603,"40.9",105,37,62,5,1,0,"0","0","51.5","21.7","27.2","2.5","0","0.1",2,"0.5","25","14","7","1","3","0","0","0","37.5","16.6","15.4","3.5","2.1","0","0","0.6"
"2025-07",2025,7,2052,329,1567,144,2180,384,1626,158,12,0,"0","13","52.5","7.9","40.8","3.3","0.4","0",30,"0.6",1626,"40.8",116,43,68,4,1,0,"0","0","51.3","22","26.8","2.3","0.1","0.1",2,"0.5","14","1","10","0","3","0","0","0","36.9","16.1","15.4","3","2.4","0","0","0.5"
"2025-08",2025,8,2019,304,1577,122,1930,257,1547,110,16,0,"2","1","52.5","7.9","40.8","3.3","0.4","0",37,"0.7",1547,"40.8",95,43,47,5,0,0,"0","0","50.9","22","26.3","2.4","0.1","0",1,"0.5","12","1","8","3","0","0","0","0","37.2","16.2","15.3","3.4","2.3","0","0","0.5"
"2025-09",2025,9,1968,277,1549,125,1913,270,1498,128,17,0,"0","2","52.8","8","41","3.3","0.4","0",31,"0.7",1498,"41",103,48,50,5,0,0,"0","0","52.1","23.2","26.4","2.4","0.1","0",0,"0.5","28","15","10","2","1","0","0","0","37.3","16.2","15.4","3.4","2.3","0","3","0.8"
"2025-10",2025,10,2015,315,1559,124,2166,377,1648,124,17,0,"1","0","53.4","8.4","41.3","3.3","0.4","0",41,"0.7",1648,"41.3",115,50,61,4,0,0,"0","0","52","22.8","26.8","2.3","0.1","0",1,"0.5","48","35","12","0","1","0","0","0","39.4","18.5","15.4","3.3","2.3","0","4","1.1"
"2025-11",2025,11,1855,256,1439,141,1893,295,1438,141,18,1,"2","1","52.9","8.3","40.9","3.3","0.4","0",28,"0.7",1438,"40.9",97,33,57,7,0,0,"0","0","51.2","21.9","26.9","2.4","0.1","0",1,"0.5","43","33","8","0","2","0","0","0","42.8","22.1","15.2","3.1","2.3","0","0","1.1"
"2025-12",2025,12,1693,249,1323,106,1605,219,1278,93,15,0,"0","1","52.5","8.2","40.6","3.3","0.4","0",19,"0.7",1278,"40.6",109,35,67,7,0,0,"0","0","52.2","22.2","27.4","2.6","0.1","0",1,"0.5","20","11","5","0","4","0","0","0","42.6","23","13.8","3","2.7","0","0","1"
"2026-01",2026,1,1763,258,1332,159,1614,272,1179,149,13,1,"0","0","51.7","8.1","39.9","3.3","0.4","0",14,"0.7",1179,"39.9",74,32,42,0,0,0,"0","0","52.1","22.1","27.6","2.3","0.1","0",0,"0.5","21","9","9","2","1","0","0","0","41.8","22.4","13.7","2.9","2.8","0","0","1"
"2026-02",2026,2,1897,259,1474,154,1786,218,1407,151,10,0,"1","0","51.5","7.8","39.9","3.4","0.4","0",36,"0.8",1407,"39.9",98,39,50,6,1,2,"1","0","51.8","22.1","27.1","2.3","0.1","0.1",0,"0.5","25","8","16","1","0","0","0","0","42.3","22.3","14.7","2.8","2.6","0","0","1"
"2026-03",2026,3,2024,305,1462,237,2139,305,1542,272,20,0,"0","0","51.6","7.9","39.6","3.7","0.4","0",33,"0.8",1542,"39.6",131,57,53,18,0,3,"0","0","52.3","22.1","27","2.8","0.1","0.2",1,"0.5","35","25","9","0","1","0","0","0","43.1","24.2","14.4","2.1","2.4","0","0","1"
"2026-04",2026,4,2079,384,1492,182,2183,367,1595,200,20,1,"1","0","51.8","7.9","39.6","3.9","0.4","0",24,"0.8",1595,"39.6",107,49,53,5,0,0,"0","0","52.4","22","27.2","2.9","0.1","0.2",2,"0.5","40","22","15","2","1","0","0","0","44.4","25.2","14.9","2.1","2.2","0","0","0.9"
"2026-05",2026,5,1849,281,1411,132,1804,249,1412,118,25,0,"1","1","50.9","7.8","38.8","3.8","0.4","0",19,"0.8",1412,"38.8",100,40,51,7,2,0,"0","1","51","20.6","27","3","0.2","0.2",1,"0.5","30","15","15","0","0","0","0","0","41.6","23.1","15.1","1.3","2.1","0","2","1.1"
"2026-06",2026,6,1845,276,1364,191,1938,310,1417,197,14,0,"8","2","50.5","7.7","38.4","4","0.4","0",28,"0.7",1417,"38.4",104,41,61,2,0,0,"0","0","50.8","20.8","26.9","2.8","0.2","0.2",1,"0.4","18","12","5","0","1","0","0","0","40.8","22.8","14.9","1.2","1.8","0","2","1.3"
