source_url,target_url,reason
https://www.companydebt.com/liquidation/,/liquidation/voluntary-liquidation/,no_natural_anchor_in_copy
https://www.companydebt.com/liquidation/,/liquidation/how-much-does-liquidation-cost/,no_natural_anchor_in_copy
https://www.companydebt.com/liquidation/,/liquidation/alternatives-to-company-liquidation/,no_natural_anchor_in_copy
https://www.companydebt.com/liquidation/,/liquidation/what-happens-to-directors-in-liquidation/,no_natural_anchor_in_copy
https://www.companydebt.com/liquidation/compulsory-liquidation/,/liquidation/voluntary-vs-compulsory-liquidation/,no_natural_anchor_in_copy
https://www.companydebt.com/liquidation/compulsory-liquidation/,/receivership-mean-business/,no_natural_anchor_in_copy
https://www.companydebt.com/liquidation/members-voluntary-liquidation/,/liquidation/redundancy-payments-for-directors-in-an-mvl/,no_natural_anchor_in_copy
https://www.companydebt.com/liquidation/members-voluntary-liquidation/,/liquidation/how-much-does-liquidation-cost/,no_natural_anchor_in_copy
https://www.companydebt.com/liquidation/voluntary-liquidation/,/liquidation/compulsory-liquidation/,no_natural_anchor_in_copy
https://www.companydebt.com/liquidation/company-strike-off-and-dissolution/,/liquidation/liquidation-vs-dissolution-strike-off/,no_natural_anchor_in_copy
https://www.companydebt.com/director-redundancy/,/liquidation/what-happens-to-employees/,no_natural_anchor_in_copy
https://www.companydebt.com/director-redundancy/,/liquidation/redundancy-payments-for-directors-in-an-mvl/,no_natural_anchor_in_copy
https://www.companydebt.com/liquidation/timeline/,/liquidation/liquidation-deadlines-and-time-limits/,no_natural_anchor_in_copy
https://www.companydebt.com/liquidation/timeline/,/liquidation/how-to-prepare-for-company-liquidation/,no_natural_anchor_in_copy
https://www.companydebt.com/liquidation/liquidation-deadlines-and-time-limits/,/liquidation/how-to-prepare-for-company-liquidation/,no_natural_anchor_in_copy
https://www.companydebt.com/liquidation/liquidation-deadlines-and-time-limits/,/liquidation/,no_natural_anchor_in_copy
https://www.companydebt.com/liquidation/liquidation-deadlines-and-time-limits/,/liquidation/timeline/,no_natural_anchor_in_copy
https://www.companydebt.com/liquidation/how-to-prepare-for-company-liquidation/,/liquidation/list-of-liquidation-documents/,no_natural_anchor_in_copy
https://www.companydebt.com/liquidation/how-to-prepare-for-company-liquidation/,/liquidation/,no_natural_anchor_in_copy
https://www.companydebt.com/liquidation/how-to-prepare-for-company-liquidation/,/liquidation/timeline/,no_natural_anchor_in_copy
https://www.companydebt.com/liquidation/list-of-liquidation-documents/,/liquidation/creditor-meetings-in-liquidation/,no_natural_anchor_in_copy
https://www.companydebt.com/liquidation/list-of-liquidation-documents/,/liquidation/how-to-prepare-for-company-liquidation/,no_natural_anchor_in_copy
https://www.companydebt.com/liquidation/creditor-meetings-in-liquidation/,/liquidation/how-to-prove-your-debt-in-company-liquidation/,no_natural_anchor_in_copy
https://www.companydebt.com/liquidation/creditor-meetings-in-liquidation/,/liquidation/liquidators-powers-and-duties/,no_natural_anchor_in_copy
https://www.companydebt.com/liquidation/how-to-prove-your-debt-in-company-liquidation/,/liquidation/liquidators-powers-and-duties/,no_natural_anchor_in_copy
https://www.companydebt.com/liquidation/how-to-prove-your-debt-in-company-liquidation/,/liquidation/which-creditors-get-paid-first/,no_natural_anchor_in_copy
https://www.companydebt.com/liquidation/liquidators-powers-and-duties/,/liquidation/how-to-challenge-a-liquidators-decisions-or-fees/,no_natural_anchor_in_copy
https://www.companydebt.com/liquidation/liquidators-powers-and-duties/,/liquidation/creditor-meetings-in-liquidation/,no_natural_anchor_in_copy
https://www.companydebt.com/liquidation/how-to-challenge-a-liquidators-decisions-or-fees/,/liquidation/can-i-choose-my-liquidator/,no_natural_anchor_in_copy
https://www.companydebt.com/liquidation/how-to-challenge-a-liquidators-decisions-or-fees/,/liquidation/liquidators-powers-and-duties/,no_natural_anchor_in_copy
https://www.companydebt.com/liquidation/can-i-choose-my-liquidator/,/liquidation/how-to-choose-the-right-insolvency-procedure/,no_natural_anchor_in_copy
https://www.companydebt.com/liquidation/can-i-choose-my-liquidator/,/liquidation/liquidators-powers-and-duties/,no_natural_anchor_in_copy
https://www.companydebt.com/liquidation/can-i-choose-my-liquidator/,/liquidation/how-much-does-liquidation-cost/,no_natural_anchor_in_copy
https://www.companydebt.com/liquidation/how-to-choose-the-right-insolvency-procedure/,/liquidation/timeline/,no_natural_anchor_in_copy
https://www.companydebt.com/liquidation/how-to-choose-the-right-insolvency-procedure/,/liquidation/,no_natural_anchor_in_copy
https://www.companydebt.com/liquidation/how-to-choose-the-right-insolvency-procedure/,/liquidation/alternatives-to-company-liquidation/,no_natural_anchor_in_copy
https://www.companydebt.com/liquidation/what-happens-to-directors-in-liquidation/,/liquidation/director-conduct-review/,no_natural_anchor_in_copy
https://www.companydebt.com/liquidation/director-conduct-review/,/liquidation/whats-the-risk-of-being-disqualified-as-a-director/,no_natural_anchor_in_copy
https://www.companydebt.com/liquidation/director-conduct-review/,/liquidation/what-happens-to-directors-in-liquidation/,no_natural_anchor_in_copy
https://www.companydebt.com/liquidation/director-conduct-review/,/liquidation/,no_natural_anchor_in_copy
https://www.companydebt.com/liquidation/whats-the-risk-of-being-disqualified-as-a-director/,/liquidation/can-directors-go-to-prison-for-company-debt/,no_natural_anchor_in_copy
https://www.companydebt.com/liquidation/whats-the-risk-of-being-disqualified-as-a-director/,/liquidation/director-conduct-review/,no_natural_anchor_in_copy
https://www.companydebt.com/liquidation/whats-the-risk-of-being-disqualified-as-a-director/,/liquidation/what-happens-to-directors-in-liquidation/,no_natural_anchor_in_copy
https://www.companydebt.com/liquidation/can-directors-go-to-prison-for-company-debt/,/liquidation/can-a-director-be-sued-personally-by-creditors/,no_natural_anchor_in_copy
https://www.companydebt.com/liquidation/can-directors-go-to-prison-for-company-debt/,/liquidation/whats-the-risk-of-being-disqualified-as-a-director/,no_natural_anchor_in_copy
https://www.companydebt.com/liquidation/can-directors-go-to-prison-for-company-debt/,/liquidation/what-happens-to-directors-in-liquidation/,no_natural_anchor_in_copy
https://www.companydebt.com/liquidation/can-a-director-be-sued-personally-by-creditors/,/liquidation/what-happens-if-a-director-hides-company-assets/,no_natural_anchor_in_copy
https://www.companydebt.com/liquidation/can-a-director-be-sued-personally-by-creditors/,/liquidation/can-directors-go-to-prison-for-company-debt/,no_natural_anchor_in_copy
https://www.companydebt.com/liquidation/can-a-director-be-sued-personally-by-creditors/,/liquidation/what-happens-to-directors-in-liquidation/,no_natural_anchor_in_copy
https://www.companydebt.com/liquidation/what-happens-if-a-director-hides-company-assets/,/liquidation/can-a-director-be-sued-personally-by-creditors/,no_natural_anchor_in_copy
https://www.companydebt.com/liquidation/what-happens-if-a-director-hides-company-assets/,/liquidation/director-conduct-review/,no_natural_anchor_in_copy
https://www.companydebt.com/liquidation/what-happens-if-a-director-transfers-assets-before-insolvency/,/liquidation/can-directors-pay-themselves-before-liquidation/,no_natural_anchor_in_copy
https://www.companydebt.com/liquidation/what-happens-if-a-director-transfers-assets-before-insolvency/,/liquidation/what-happens-if-a-director-hides-company-assets/,no_natural_anchor_in_copy
https://www.companydebt.com/liquidation/what-happens-if-a-director-transfers-assets-before-insolvency/,/liquidation/director-conduct-review/,no_natural_anchor_in_copy
https://www.companydebt.com/liquidation/can-directors-pay-themselves-before-liquidation/,/liquidation/what-happens-if-a-director-resigns-before-liquidation/,no_natural_anchor_in_copy
https://www.companydebt.com/liquidation/can-directors-pay-themselves-before-liquidation/,/liquidation/what-happens-to-directors-in-liquidation/,no_natural_anchor_in_copy
https://www.companydebt.com/liquidation/what-happens-if-a-director-resigns-before-liquidation/,/liquidation/when-should-a-director-stop-trading/,no_natural_anchor_in_copy
https://www.companydebt.com/liquidation/what-happens-if-a-director-resigns-before-liquidation/,/liquidation/can-directors-pay-themselves-before-liquidation/,no_natural_anchor_in_copy
https://www.companydebt.com/liquidation/what-happens-if-a-director-resigns-before-liquidation/,/liquidation/what-happens-to-directors-in-liquidation/,no_natural_anchor_in_copy
https://www.companydebt.com/liquidation/when-should-a-director-stop-trading/,/liquidation/what-happens-to-directors-in-liquidation/,no_natural_anchor_in_copy
https://www.companydebt.com/liquidation/when-should-a-director-stop-trading/,/liquidation/seek-insolvency-advice-before-missing-payments/,no_natural_anchor_in_copy
https://www.companydebt.com/liquidation/company-property-and-real-estate-in-liquidation/,/liquidation/company-vehicles-and-equipment-in-liquidation/,no_natural_anchor_in_copy
https://www.companydebt.com/liquidation/company-property-and-real-estate-in-liquidation/,/liquidation/,no_natural_anchor_in_copy
https://www.companydebt.com/liquidation/company-property-and-real-estate-in-liquidation/,/liquidation/which-creditors-get-paid-first/,no_natural_anchor_in_copy
https://www.companydebt.com/liquidation/company-vehicles-and-equipment-in-liquidation/,/liquidation/intellectual-property-and-trading-assets-in-liquidation/,no_natural_anchor_in_copy
https://www.companydebt.com/liquidation/company-vehicles-and-equipment-in-liquidation/,/liquidation/,no_natural_anchor_in_copy
https://www.companydebt.com/liquidation/intellectual-property-and-trading-assets-in-liquidation/,/liquidation/leases-and-contracts-in-liquidation/,no_natural_anchor_in_copy
https://www.companydebt.com/liquidation/intellectual-property-and-trading-assets-in-liquidation/,/liquidation/,no_natural_anchor_in_copy
https://www.companydebt.com/liquidation/intellectual-property-and-trading-assets-in-liquidation/,/liquidation/company-vehicles-and-equipment-in-liquidation/,no_natural_anchor_in_copy
https://www.companydebt.com/liquidation/leases-and-contracts-in-liquidation/,/liquidation/company-pensions-and-liquidation/,no_natural_anchor_in_copy
https://www.companydebt.com/liquidation/leases-and-contracts-in-liquidation/,/liquidation/,no_natural_anchor_in_copy
https://www.companydebt.com/liquidation/leases-and-contracts-in-liquidation/,/liquidation/liquidators-powers-and-duties/,no_natural_anchor_in_copy
https://www.companydebt.com/liquidation/company-pensions-and-liquidation/,/liquidation/business-bank-account-in-liquidation/,no_natural_anchor_in_copy
https://www.companydebt.com/liquidation/company-pensions-and-liquidation/,/liquidation/what-happens-to-employees/,no_natural_anchor_in_copy
https://www.companydebt.com/liquidation/company-pensions-and-liquidation/,/liquidation/which-creditors-get-paid-first/,no_natural_anchor_in_copy
https://www.companydebt.com/liquidation/business-bank-account-in-liquidation/,/liquidation/company-property-and-real-estate-in-liquidation/,no_natural_anchor_in_copy
https://www.companydebt.com/liquidation/business-bank-account-in-liquidation/,/liquidation/,no_natural_anchor_in_copy
https://www.companydebt.com/liquidation/business-bank-account-in-liquidation/,/liquidation/liquidating-a-company-with-no-assets-or-bank-account-uk/,no_natural_anchor_in_copy
https://www.companydebt.com/liquidation/liquidation-vs-dissolution-strike-off/,/liquidation/voluntary-vs-compulsory-liquidation/,no_natural_anchor_in_copy
https://www.companydebt.com/liquidation/liquidation-vs-dissolution-strike-off/,/closing-a-limited-company/,no_natural_anchor_in_copy
https://www.companydebt.com/liquidation/voluntary-vs-compulsory-liquidation/,/liquidation/winding-up-petition-vs-compulsory-liquidation/,no_natural_anchor_in_copy
https://www.companydebt.com/liquidation/voluntary-vs-compulsory-liquidation/,/liquidation/voluntary-liquidation/,no_natural_anchor_in_copy
https://www.companydebt.com/liquidation/winding-up-petition-vs-compulsory-liquidation/,/liquidation/cva-vs-strike-off-vs-liquidation/,no_natural_anchor_in_copy
https://www.companydebt.com/liquidation/cva-vs-strike-off-vs-liquidation/,/liquidation/insolvency-vs-bankruptcy/,no_natural_anchor_in_copy
https://www.companydebt.com/liquidation/cva-vs-strike-off-vs-liquidation/,/liquidation/,no_natural_anchor_in_copy
https://www.companydebt.com/liquidation/insolvency-vs-bankruptcy/,/liquidation/liquidation-vs-dissolution-strike-off/,no_natural_anchor_in_copy
https://www.companydebt.com/liquidation/liquidating-a-charity-or-non-profit/,/liquidation/liquidating-a-limited-liability-partnership/,no_natural_anchor_in_copy
https://www.companydebt.com/liquidation/liquidating-a-charity-or-non-profit/,/liquidation/members-voluntary-liquidation/,no_natural_anchor_in_copy
https://www.companydebt.com/liquidation/liquidating-a-limited-liability-partnership/,/liquidation/liquidating-a-group-company-or-holding-company-in-the-uk/,no_natural_anchor_in_copy
https://www.companydebt.com/liquidation/liquidating-a-group-company-or-holding-company-in-the-uk/,/liquidation/liquidating-a-company-with-no-assets-or-bank-account-uk/,no_natural_anchor_in_copy
https://www.companydebt.com/liquidation/liquidating-a-group-company-or-holding-company-in-the-uk/,/liquidation/creditors-voluntary-liquidation/,no_natural_anchor_in_copy
https://www.companydebt.com/liquidation/liquidating-a-group-company-or-holding-company-in-the-uk/,/liquidation/members-voluntary-liquidation/,no_natural_anchor_in_copy
https://www.companydebt.com/liquidation/liquidating-a-company-with-no-assets-or-bank-account-uk/,/liquidation/can-i-liquidate-a-dormant-company/,no_natural_anchor_in_copy
https://www.companydebt.com/liquidation/liquidating-a-company-with-no-assets-or-bank-account-uk/,/liquidation/cant-afford-to-liquidate/,no_natural_anchor_in_copy
https://www.companydebt.com/liquidation/can-i-liquidate-a-dormant-company/,/liquidation/can-i-liquidate-my-company-with-a-bounce-back-loan/,no_natural_anchor_in_copy
https://www.companydebt.com/liquidation/can-i-liquidate-my-company-with-a-bounce-back-loan/,/liquidation/can-i-start-a-new-company-after-liquidating-my-old-one/,no_natural_anchor_in_copy
https://www.companydebt.com/liquidation/can-i-liquidate-my-company-with-a-bounce-back-loan/,/liquidation/what-happens-to-directors-in-liquidation/,no_natural_anchor_in_copy
https://www.companydebt.com/liquidation/can-i-start-a-new-company-after-liquidating-my-old-one/,/liquidation/company-restoration-after-liquidation/,no_natural_anchor_in_copy
https://www.companydebt.com/liquidation/can-i-start-a-new-company-after-liquidating-my-old-one/,/liquidation/what-happens-to-directors-in-liquidation/,no_natural_anchor_in_copy
https://www.companydebt.com/liquidation/company-restoration-after-liquidation/,/liquidation/liquidating-a-charity-or-non-profit/,no_natural_anchor_in_copy
https://www.companydebt.com/liquidation/company-restoration-after-liquidation/,/liquidation/what-happens-after-company-liquidation/,no_natural_anchor_in_copy
https://www.companydebt.com/liquidation/company-restoration-after-liquidation/,/liquidation/,no_natural_anchor_in_copy
https://www.companydebt.com/liquidation/what-happens-to-employees/,/liquidation/which-creditors-get-paid-first/,no_natural_anchor_in_copy
https://www.companydebt.com/liquidation/what-happens-to-employees/,/director-redundancy/,no_natural_anchor_in_copy
https://www.companydebt.com/liquidation/which-creditors-get-paid-first/,/liquidation/hmrc-as-a-creditor-in-liquidation/,no_natural_anchor_in_copy
https://www.companydebt.com/liquidation/which-creditors-get-paid-first/,/liquidation/creditors-voluntary-liquidation/,no_natural_anchor_in_copy
https://www.companydebt.com/liquidation/which-creditors-get-paid-first/,/liquidation/how-to-prove-your-debt-in-company-liquidation/,no_natural_anchor_in_copy
https://www.companydebt.com/liquidation/hmrc-as-a-creditor-in-liquidation/,/liquidation/paying-staff-but-not-hmrc-before-liquidation/,no_natural_anchor_in_copy
https://www.companydebt.com/liquidation/hmrc-as-a-creditor-in-liquidation/,/liquidation/which-creditors-get-paid-first/,no_natural_anchor_in_copy
https://www.companydebt.com/liquidation/hmrc-as-a-creditor-in-liquidation/,/liquidation/,no_natural_anchor_in_copy
https://www.companydebt.com/liquidation/paying-staff-but-not-hmrc-before-liquidation/,/liquidation/what-happens-if-i-stop-paying-company-debts/,no_natural_anchor_in_copy
https://www.companydebt.com/liquidation/paying-staff-but-not-hmrc-before-liquidation/,/liquidation/which-creditors-get-paid-first/,no_natural_anchor_in_copy
https://www.companydebt.com/liquidation/paying-staff-but-not-hmrc-before-liquidation/,/liquidation/what-happens-to-employees/,no_natural_anchor_in_copy
https://www.companydebt.com/liquidation/what-happens-if-i-stop-paying-company-debts/,/liquidation/what-happens-after-company-liquidation/,no_natural_anchor_in_copy
https://www.companydebt.com/liquidation/what-happens-after-company-liquidation/,/liquidation/redundancy-payments-for-directors-in-an-mvl/,no_natural_anchor_in_copy
https://www.companydebt.com/liquidation/what-happens-after-company-liquidation/,/liquidation/,no_natural_anchor_in_copy
https://www.companydebt.com/liquidation/what-happens-after-company-liquidation/,/liquidation/what-happens-to-directors-in-liquidation/,no_natural_anchor_in_copy
https://www.companydebt.com/liquidation/redundancy-payments-for-directors-in-an-mvl/,/liquidation/what-happens-to-employees/,no_natural_anchor_in_copy
https://www.companydebt.com/liquidation/should-i-close-my-company-or-try-to-save-it/,/liquidation/alternatives-to-company-liquidation/,no_natural_anchor_in_copy
https://www.companydebt.com/liquidation/should-i-close-my-company-or-try-to-save-it/,/liquidation/,no_natural_anchor_in_copy
https://www.companydebt.com/liquidation/alternatives-to-company-liquidation/,/liquidation/am-i-solvent/,no_natural_anchor_in_copy
https://www.companydebt.com/liquidation/alternatives-to-company-liquidation/,/liquidation/,no_natural_anchor_in_copy
https://www.companydebt.com/liquidation/alternatives-to-company-liquidation/,/liquidation/creditors-voluntary-liquidation/,no_natural_anchor_in_copy
https://www.companydebt.com/liquidation/am-i-solvent/,/liquidation/seek-insolvency-advice-before-missing-payments/,no_natural_anchor_in_copy
https://www.companydebt.com/liquidation/am-i-solvent/,/liquidation/,no_natural_anchor_in_copy
https://www.companydebt.com/liquidation/am-i-solvent/,/liquidation/voluntary-liquidation/,no_natural_anchor_in_copy
https://www.companydebt.com/liquidation/seek-insolvency-advice-before-missing-payments/,/liquidation/cant-afford-to-liquidate/,no_natural_anchor_in_copy
https://www.companydebt.com/liquidation/seek-insolvency-advice-before-missing-payments/,/liquidation/,no_natural_anchor_in_copy
https://www.companydebt.com/liquidation/cant-afford-to-liquidate/,/liquidation/can-you-liquidate-to-avoid-paying-suppliers/,no_natural_anchor_in_copy
https://www.companydebt.com/liquidation/cant-afford-to-liquidate/,/liquidation/how-much-does-liquidation-cost/,no_natural_anchor_in_copy
https://www.companydebt.com/liquidation/can-you-liquidate-to-avoid-paying-suppliers/,/liquidation/should-i-close-my-company-or-try-to-save-it/,no_natural_anchor_in_copy
https://www.companydebt.com/liquidation/can-you-liquidate-to-avoid-paying-suppliers/,/liquidation/which-creditors-get-paid-first/,no_natural_anchor_in_copy
https://www.companydebt.com/liquidation/can-a-supplier-force-my-company-into-liquidation/,/liquidation/what-happens-if-a-creditor-takes-me-to-court/,no_natural_anchor_in_copy
https://www.companydebt.com/liquidation/can-a-supplier-force-my-company-into-liquidation/,/liquidation/creditors-voluntary-liquidation/,no_natural_anchor_in_copy
https://www.companydebt.com/liquidation/what-happens-if-a-creditor-takes-me-to-court/,/liquidation/ccj-when-going-insolvent/,no_natural_anchor_in_copy
https://www.companydebt.com/liquidation/what-happens-if-a-creditor-takes-me-to-court/,/liquidation/creditors-voluntary-liquidation/,no_natural_anchor_in_copy
https://www.companydebt.com/liquidation/ccj-when-going-insolvent/,/liquidation/bailiffs-high-court-enforcement-officers/,no_natural_anchor_in_copy
https://www.companydebt.com/liquidation/ccj-when-going-insolvent/,/liquidation/,no_natural_anchor_in_copy
https://www.companydebt.com/liquidation/bailiffs-high-court-enforcement-officers/,/liquidation/can-a-supplier-force-my-company-into-liquidation/,no_natural_anchor_in_copy
https://www.companydebt.com/liquidation/bailiffs-high-court-enforcement-officers/,/winding-up-petitions/,no_natural_anchor_in_copy
https://www.companydebt.com/liquidation/bailiffs-high-court-enforcement-officers/,/liquidation/what-happens-to-directors-in-liquidation/,no_natural_anchor_in_copy
https://www.companydebt.com/liquidation/uk-insolvency-flowchart/,/liquidation/uk-insolvency-glossary/,no_natural_anchor_in_copy
https://www.companydebt.com/liquidation/uk-insolvency-flowchart/,/liquidation/,no_natural_anchor_in_copy
https://www.companydebt.com/liquidation/uk-insolvency-flowchart/,/liquidation/how-to-choose-the-right-insolvency-procedure/,no_natural_anchor_in_copy
https://www.companydebt.com/liquidation/uk-insolvency-glossary/,/liquidation/insolvency-checklist/,no_natural_anchor_in_copy
https://www.companydebt.com/liquidation/uk-insolvency-glossary/,/liquidation/,no_natural_anchor_in_copy
https://www.companydebt.com/liquidation/uk-insolvency-glossary/,/liquidation/compulsory-liquidation/,no_natural_anchor_in_copy
https://www.companydebt.com/liquidation/insolvency-checklist/,/liquidation/insolvency-myths-debunked/,no_natural_anchor_in_copy
https://www.companydebt.com/liquidation/insolvency-checklist/,/liquidation/seek-insolvency-advice-before-missing-payments/,no_natural_anchor_in_copy
https://www.companydebt.com/liquidation/insolvency-myths-debunked/,/liquidation/uk-insolvency-flowchart/,no_natural_anchor_in_copy
https://www.companydebt.com/liquidation/insolvency-myths-debunked/,/liquidation/,no_natural_anchor_in_copy
https://www.companydebt.com/liquidation/company-strike-off-and-dissolution/can-i-be-sued-after-my-company-is-dissolved/,/liquidation/company-strike-off-and-dissolution/directors-responsibilities-after-a-company-is-struck-off/,no_natural_anchor_in_copy
https://www.companydebt.com/liquidation/company-strike-off-and-dissolution/can-i-be-sued-after-my-company-is-dissolved/,/liquidation/what-happens-to-directors-in-liquidation/,no_natural_anchor_in_copy
https://www.companydebt.com/liquidation/company-strike-off-and-dissolution/directors-responsibilities-after-a-company-is-struck-off/,/liquidation/company-strike-off-and-dissolution/can-i-be-sued-after-my-company-is-dissolved/,no_natural_anchor_in_copy
https://www.companydebt.com/liquidation/company-strike-off-and-dissolution/directors-responsibilities-after-a-company-is-struck-off/,/liquidation/,no_natural_anchor_in_copy
https://www.companydebt.com/receivership-mean-business/,/liquidation/compulsory-liquidation/,no_natural_anchor_in_copy
https://www.companydebt.com/receivership-mean-business/,/liquidation/,no_natural_anchor_in_copy
https://www.companydebt.com/receivership-mean-business/,/liquidation/what-happens-to-directors-in-liquidation/,no_natural_anchor_in_copy
