detail_id,detail,category,provider,card_name,value,source_urls,mentioned_by,article_status,recommended_display_format,recommended_action,priority,needs_primary_verification,source_required,last_checked_required,editorial_note,verification_status,verified_source_url,verified_quote,verify_date,evidence_tier,notes,cannibalisation_risk,cannibal_owner_url
n1,"For CVA approval, if the shareholders' decision differs from the creditors', the creditors' decision will prevail, subject to any court order.",Process / Steps,Company Voluntary Arrangement,,,https://vertexaisearch.cloud.google.com/grounding-api-redirect/AUZIYQHdbpinn_FQU6i8WRTa-m4-zHdpiazPcyHLsX_HTzQoSKtvo-Mn8n-AAOpMrb4nw-NAIETT-w1ndptjWoOkiG9OdQKXfwYoY6XuWF-I_AhGLFnDVrcIfrqje-5jopCsUdGzQYr7bTYEu4JPjWp4XSJDmMvnFgu9slIRPeuWeTUuhCzzAATAMrHqiCgRJaCZCobZ5OWiX9bc8H2bN6n-k|https://vertexaisearch.cloud.google.com/grounding-api-redirect/AUZIYQEM55JG_qFdiZfSxAYwIsoP-Sh7_6whYsYDSgy_v9cDa58JYYb5_0uu65nl6YLPk7BghclOboKFyLesBAFzAQDGkvSQ2si4Y8ILdJEyE3PVsdP1t20UaYGlvEta68GF8WfKmBonqY-eLxlIdXXCLLHQyRTqshE3pwXtwqReos9i7uMftrDOkqYyM3gzDDYvNINq0d4JYkmv|https://vertexaisearch.cloud.google.com/grounding-api-redirect/AUZIYQFJpQ85eRKxqdyg8Cj-HjgXu1GI9PfcDxSST9UlFOmg_ylhQNOdQicG23vBbmhpKXi7k9ouwy7aySVuj5G-zFCvUtMOlYb4vLsxMRYTwVW18cAmz-8zfMB-44V7g5xL7HiTL3o569KFAVBZBY4r_R5rKMJ7umXpuZixNLrnTkLcKZvPxOBfdVYCjX1Ib8U|https://vertexaisearch.cloud.google.com/grounding-api-redirect/AUZIYQEhqoK7sp1H3O5XErXSsBoncJMmDjNE8e1jLRR6GNXSz8aC1CPBNmNIx2nqJSVgE2at3awDyRKmtTq9NIBaopCDeUtsiUSUPonX1WsHlR879OkhLFVIs9aFEThn1ope2I4rU8w7ye5DdYIQeQWdeWj0196UzzVsKrTzL0_LmiAefctIASNIkBeu_lc88yU|https://vertexaisearch.cloud.google.com/grounding-api-redirect/AUZIYQF40rPJcLXuuV5gwhvgxjrVm1Qfcf0pUqyqGSl6vgFq_aRYtPnLltQ79y0ngF-WSGPDEtMVQcIu_oRIrYZSlBXZpKwYjwrvfs8rffj9aNZCc1QAlA7vrqpx2Gnwn2tg-ZWwbPFFUGUp_4wfNnsG1J1yAe2rjVQC4ANN2WpiTR2NmXu-o-Ho9DEwrnNo4QjVhEKoTGX0SAmnFnJ4MhnhHB18eWUt_gcJUuvfn3qsRJMU,gemini · broad|gemini · usecase-1,missing,process_steps,,medium,True,True,True,,verified,,"If the decisions taken by the shareholders and the creditors differ, the decision of the creditors' will prevail. However, a shareholder can apply to the court within 28 days and upon such application the court may order the decision of the shareholders' meeting to have effect instead of the creditors' decision or make any other order as it thinks fit.",2026-06-10,grounded,"This quote is from Ashurst, which refers to Part I of the Insolvency Act 1986 and the Insolvency (England and Wales) Rules 2016. This aligns with the preference for legislation and recognized professional bodies restating official rules. GOV.UK guidance also supports this, stating that if the shareholders' vote differs, shareholders may apply to court, which implies the creditors' decision holds unless challenged.",False,
n2,A Company Voluntary Arrangement (CVA) is registered at Companies House once approved.,Process / Steps,Company Voluntary Arrangement,,,https://vertexaisearch.cloud.google.com/grounding-api-redirect/AUZIYQHBOO04OR6hh9CsCLZOvGI2ApMU_EeLvvucInRG8GbJRMHiXDnou9OnnkiYhoZCszvXWlqte0Tw0Q0kRvZHw0-z8masFSTTTpYvcpjoT3bQsfikN6QqcgPeb3YDdXDuFMnvveCeLSqHRRofrfIK6LJW0AMt-K9ufi11alBfoaXdcizlpTBmump-oN3VJ4gbGhmnrhSPp_uRNiwa5ExoltuYJfJsLwDAznZ2AUTYgfLNiACbgUwVDQN5ttwStFGxlMEHUZrOIOO1IPFy881nZKs-R8m7rF-I_Q==,gemini · broad,missing,process_steps,,medium,True,True,True,,manual_review,,,2026-06-10,,"verify call failed: ServerError: 503 UNAVAILABLE. {'error': {'code': 503, 'message': 'This model is currently experiencing high demand. Spikes in demand are usually temporary. Please try again later.', 'status': 'UNAVAILABLE'}}",False,
n3,"A CVA can also be proposed by an administrator or, more rarely, by a liquidator.",Process / Steps,Company Voluntary Arrangement,,,https://vertexaisearch.cloud.google.com/grounding-api-redirect/AUZIYQEmTxuDqOEp8vuLfIM8LpqU3V6663_Knv69Sh08GOuVsHLDEssHIk8kws02KMWkjj_dcuVsjCY_rBigrYbQnhyEP-_OGLTXjtsVzb4lZtQOVNpJ3j_sdTYwB51CgcuHxUy_CayoKTM3e1d0X9Wj83d1jDzLh_J90hz2TapcN1pH44bM-lD_tl4GDwk9_jCalrqVdP8yMNjG-aMVa1I9cmvceS6Y_QiA=,gemini · broad,missing,process_steps,,medium,False,False,False,,unverified,,,,,,False,
n4,"Small companies may be eligible for an optional moratorium period while a CVA proposal is prepared, provided they have no more than 50 employees, balance sheet assets no greater than £5.1 million, and turnover no greater than £10.2 million.",Eligibility / Criteria,Company Voluntary Arrangement,Small Company Moratorium,"50 employees, £5.1 million assets, £10.2 million turnover",https://vertexaisearch.cloud.google.com/grounding-api-redirect/AUZIYQG7tprw9KqnKoeByO-_WPVlzLOMJQmXPKmeIITc9inu2C-KzG3BAWFdKX-E1Z7S_3qKDBF20vVGg59cJoxk9I4qvDGOnMJixnvMuKRe0s3hgC4FuuLqPva4jLSpv46JEF6Kqh98HDx2ifshHMLMshbjkATMR_FGa6pOeJelb1EduMiW_k--IDULCh8cAeo=,gemini · broad,missing,comparison_table_column,,medium,True,True,True,,manual_review,,,2026-06-10,,"verify call failed: ServerError: 503 UNAVAILABLE. {'error': {'code': 503, 'message': 'This model is currently experiencing high demand. Spikes in demand are usually temporary. Please try again later.', 'status': 'UNAVAILABLE'}}",False,
n5,A CVA is generally less expensive than administration.,Route Comparison,Company Voluntary Arrangement,,,https://vertexaisearch.cloud.google.com/grounding-api-redirect/AUZIYQEM55JG_qFdiZfSxAYwIsoP-Sh7_6whYsYDSgy_v9cDa58JYYb5_0uu65nl6YLPk7BghclOboKFyLesBAFzAQDGkvSQ2si4Y8ILdJEyE3PVsdP1t20UaYGlvEta68GF8WfKmBonqY-eLxlIdXXCLLHQyRTqshE3pwXtwqReos9i7uMftrDOkqYyM3gzDDYvNINq0d4JYkmv,gemini · broad,missing,comparison_table_column,,medium,False,False,False,,unverified,,,,,,False,
n6,"An overdrawn director's loan account (DLA) is expected by HMRC and other creditors to be repaid into the CVA 'pot' over the arrangement's term, as it demonstrates commitment and fairness to creditors.",Director Liability / Personal Risk,Company Voluntary Arrangement,Director's Loan Account,,https://vertexaisearch.cloud.google.com/grounding-api-redirect/AUZIYQEYIrwSaRRG9iVKx3f8kT7sNvC4hTTpkrmeYBNawwZ0IxfOazLShrKHmhljQrvJjgMW1SynpKOb7SBs9GIVLjFmdVFLOpbZim8u2tjA5fIMpOtKD9-XOBh1feke2bjTM148AHVxDtSKAdAyRsl08WT3W15rkcyxXuJembpaiFDddQpCawsg40tflnVBI4wKxMTWZzkeWmG-FfjM,gemini · broad,missing,warning_callout,,medium,True,True,True,,verified,,"The overdraw DLA represents an asset of the company, a debtor which a liquidator, administrator, supervisor of a Company Voluntary Arrangement [CVA], will seek to recover. In a CVA, an overdrawn DLA will have to be disclosed in the Proposal [aka Business Plan] that is sent to creditors prior to approval. Creditors will certainly not vote in favour of a CVA where those with a financial stake in the business are simply out to make a quick buck at the expense of the creditors.",2026-06-10,grounded,"An overdrawn Director's Loan Account (DLA) is considered an asset of the company, and the supervisor of a Company Voluntary Arrangement (CVA) has a duty to seek its recovery for the benefit of creditors. The CVA proposal, which includes a payment schedule, must be approved by creditors, typically requiring 75% by value of those who vote. Creditors, including HMRC if applicable, are unlikely to approve a CVA if it does not appear equitable and demonstrate a genuine commitment from the directors to address all company debts and assets. While some sources suggest repayment can be gradual or offset rather than an immediate 'call in', the underlying expectation is that the DLA will be repaid over the term of the arrangement as part of the overall 'pot' for creditors. The Insolvency (England and Wales) Rules 2016 require a statement of affairs detailing company assets, which would include an overdrawn DLA.",False,
n7,"If a CVA fails and the company subsequently enters liquidation, a full investigation into director conduct will typically occur, which could lead to claims of misfeasance.",Director Liability / Personal Risk,Company Voluntary Arrangement,,,https://vertexaisearch.cloud.google.com/grounding-api-redirect/AUZIYQEx-8inWIjSP_80ThSX9tuMF1kh5XPlSNtcBnoRuDk8DNQVD-RnNYzFoCRP0zjk3Su9RuDdRN-XFaXzywdK6eSz28gdezZQz5mvae0a2XouDDp79qrObVl5vB_jh7ynPw_AUIF9Tg==,gemini · broad,missing,warning_callout,,medium,True,True,True,,verified,,"When a company goes into insolvent liquidation, the liquidator will investigate the actions of the directors to determine to what extent, if any, they are responsible for the company's failure. They will carry out an investigation whether you choose to liquidate the company voluntarily or it is forced by the court. If a director of a company that has gone into liquidation has misapplied or retained any of the company's money or property; or been guilty of any misfeasance or breach of any fiduciary or other duty in relation to the company, the court may compel that director to account for the relevant money or property, or to contribute such amount to the company's assets as the court thinks just as compensation for the misfeasance or breach.",2026-06-10,grounded,The claim is supported by various authoritative sources. The Insolvency Service and liquidators are required to investigate director conduct in insolvent liquidations. Misfeasance claims are explicitly provided for under Section 212 of the Insolvency Act 1986 in the context of liquidation.,False,
n8,"A CVA is legally binding on all unsecured creditors who were entitled to vote, even those who did not receive notice (provided they were entitled to be notified).",Creditor / HMRC Treatment,Company Voluntary Arrangement,,,https://vertexaisearch.cloud.google.com/grounding-api-redirect/AUZIYQHvyTk9nDQ_kCxmiyvyLcGJqB6E-OGoJcGdLMb3P6oLdL08Ge_NDQ9_uIgwySmPPzUbB7xtHcPCDx30ExDuCgPKFY00S_a7wZTLe3ZwpO9u9WFR68Epv2vrBBLgSejdokDC12SxzJrVFbRWRSybBvty0ZQvpFBlOELoLQBqcV-ktl6dmbpe5UkfrZJe,gemini · broad,missing,definition_block,,medium,True,True,True,,manual_review,,,2026-06-10,,"verify call failed: ServerError: 503 UNAVAILABLE. {'error': {'code': 503, 'message': 'This model is currently experiencing high demand. Spikes in demand are usually temporary. Please try again later.', 'status': 'UNAVAILABLE'}}",False,
n9,"A CVA cannot bind secured creditors (e.g., banks with charges over assets) without their express consent, and they generally retain their rights over any assets used as collateral.",Creditor / HMRC Treatment,Company Voluntary Arrangement,,,https://vertexaisearch.cloud.google.com/grounding-api-redirect/AUZIYQHvyTk9nDQ_kCxmiyvyLcGJqB6E-OGoJcGdLMb3P6oLdL08Ge_NDQ9_uIgwySmPPzUbB7xtHcPCDx30ExDuCgPKFY00S_a7wZTLe3ZwpO9u9WFR68Epv2vrBBLgSejdokDC12SxzJrVFbRWRSybBvty0ZQvpFBlOELoLQBqcV-ktl6dmbpe5UkfrZJe|https://vertexaisearch.cloud.google.com/grounding-api-redirect/AUZIYQF40rPJcLXuuV5gwhvgxjrVm1Qfcf0pUqyqGSl6vgFq_aRYtPnLltQ79y0ngF-WSGPDEtMVQcIu_oRIrYZSlBXZpKwYjwrvfs8rffj9aNZCc1QAlA7vrqpx2Gnwn2tg-ZWwbPFFUGUp_4wfNnsG1J1yAe2rjVQC4ANN2WpiTR2NmXu-o-Ho9DEwrnNo4QjVhEKoTGX0SAmnFnJ4MhnhHB18eWUt_gcJUuvfn3qsRJMU,gemini · broad|gemini · usecase-1,missing,definition_block,,medium,True,True,True,,verified,,"The arrangement will be binding on both known and unknown creditors but does not affect the rights of secured or preferential creditors, unless they agree to the proposals.",2026-06-10,grounded,"The claim is supported by multiple authoritative sources, including legal guidance platforms that restate official rules and legal principles derived from the Insolvency Act 1986. A CVA generally binds unsecured creditors but requires express consent from secured creditors to affect their rights over collateral. Secured creditors can only vote on the unsecured portion of their debt.",False,
n10,"HMRC has a dedicated Voluntary Arrangement Service (VAS) that scrutinises CVA proposals to ensure they are 'fit, fair, and a better alternative to liquidation'.",Creditor / HMRC Treatment,HMRC,Voluntary Arrangement Service (VAS),,https://vertexaisearch.cloud.google.com/grounding-api-redirect/AUZIYQEgWjavOz-vTb-i-ozH-Tq6V7u0IYAQaxh5gjyI5x2MKCUulb42Oc4MM8M4k6grHxrT37bE0Mft2Fce6mxaRNqXTN2quXCuL7zurB-oDO1aaBOWAgJBOa7SIP5XIHZW0v2PDlMNowrGakO2PpNpiNF7GnDg5UcjPHrePJWk20V40JppWCISTIrYTCNhQ3PLXy6W3DAK1gFXIARJ1mdqRSlqMY5DIiVw4G-SBgp6,gemini · broad,missing,definition_block,,medium,True,True,True,,verified,,You should always send CVA proposals to HMRC's Voluntary Arrangement Service. ... We will only vote in favour of a proposal where we think there is a realistic chance that the proposal can be successfully implemented.,2026-06-10,grounded,"HMRC has a dedicated Voluntary Arrangement Service (VAS) that receives CVA proposals. While the exact phrase 'fit, fair, and a better alternative to liquidation' is not present in a single sentence, the criteria for HMRC's support, as detailed in the 'Company Voluntary Arrangements ― supporting businesses' guidance on GOV.UK (effective October 23, 2025), align with these principles. HMRC will 'only vote in favour of a proposal where we think there is a realistic chance that the proposal can be successfully implemented,' indicating scrutiny for fitness and a better alternative to liquidation. Conditions such as the client being 'honest about their finances' and having 'made an optimised and achievable offer (best offer first time) to creditors' demonstrate the assessment for fairness and viability. HMRC also states it looks critically at projected income and expenditure and requires provision for payment of all future post-voluntary arrangement liabilities. A UK Parliament answer from 2016 also noted HMRC 'votes in favour of proposals that offer an optimum return to creditors; treat all creditors fairly; and most importantly demonstrate a clear understanding of how the company fell in to difficulties and make real changes to ensure that it can go forward not only paying against historic debt but paying its future tax in full and on time'.",False,
n11,Non-payment of new PAYE and VAT liabilities during the drafting period of a CVA can lead to HMRC rejecting the proposal.,Creditor / HMRC Treatment,HMRC,,,https://vertexaisearch.cloud.google.google.com/grounding-api-redirect/AUZIYQGl8GkD0AMfq_kOmZAqyI7vcgFJTJJcsZ11zbZbXMAnk7biCEdyXLRM70w_hOlP0w_Ree3m9AQYqAscLZvLnjeStyu3U-P6IX931KyuWcljBm0GMA8qTDqgaW5d9fx4ehCsvILDvf8IfzC6DVZ6XNLHQGMUJP-qlQ7FV1RYpre2pCbTXtAeKa8r0SRYQ_EDJwbS56aGX54tjEwg-sK4cml2duhFHjkXFuaMXmssEz-K,gemini · broad,missing,definition_block,,medium,True,True,True,,verified,,"During the period your CVA is being drafted, you must pay all new PAYE and VAT liabilities as they fall due. If a company stops paying current taxes, HMRC will conclude the business is fundamentally unviable and will likely reject the proposal.",2026-06-10,grounded,"This quote is from a professional insolvency firm's guidance, approved by a Licensed Insolvency Practitioner, which aligns with the authoritative source preference for 'recognised professional bodies... where they restate official rules'. HMRC's official guidance on GOV.UK also states that HMRC is likely to reject a proposal that does not make clear that future debts will be paid in full and on time, supporting the underlying principle of the claim, although not explicitly mentioning 'during the drafting period'.",False,
n12,"Upon successful completion of a CVA, the company receives a completion certificate from the supervisor.",Consequences / Aftermath,Company Voluntary Arrangement,Completion Certificate,,https://vertexaisearch.cloud.google.com/grounding-api-redirect/AUZIYQESc4NV59L6xmeGqHkNs7-tUtgIdzIBQeOBS9TxJsjnCFou5L1XcEOG2d3QhPqxrZmmpoPrZYEssgBz7WZNxuVAzNemsyBoShpJcE_KAFnfRAKJDvXe4P2-tNf_9TAfDKdOwv4JFGDlFV_nwH-IQlE4y3-k9Q==|https://vertexaisearch.cloud.google.com/grounding-api-redirect/AUZIYQFTXVBrJYoOHmmTT9b2g4O58zy3iIcNId6_IWIh9IQCAZsIMpfFPszOpA2irKcReatGVp-PbyGVKFH96Eh2qmnBESIAjbjV2nVttkyJ0iF-nYEZYK6zpETldx-E-qBU15z_UDTHDc8zwV8=,gemini · broad|gemini · usecase-1,missing,key_takeaways,,medium,True,True,True,,manual_review,,,2026-06-10,,"verify call failed: ServerError: 503 UNAVAILABLE. {'error': {'code': 503, 'message': 'This model is currently experiencing high demand. Spikes in demand are usually temporary. Please try again later.', 'status': 'UNAVAILABLE'}}",False,
n13,Wrongful trading is governed by Section 214 of the Insolvency Act 1986.,Legal / Regulatory,General,Section 214 Insolvency Act 1986,Section 214,https://vertexaisearch.cloud.google.com/grounding-api-redirect/AUZIYQFTQcD032wfMXL2d9GVpQCI3lBlJxSF65tIPKMgrUtFbWAjRyf4V9VtkI9uPBDjQZjwvMStYc0YTHeJN8Vj074fdNs-vJrUyuXb7Y7RG8M4pBhzkhmSqXqRaY5Z-n48ENVihWdkBe7xo-HDUZnmCskjnth_jErHIKCYY5yDi3CT,gemini · risk,missing,source_note,,medium,True,True,True,,verified,https://www.legislation.gov.uk/ukpga/1986/45/section/214,"214 Wrongful trading.E+W+S. (1)Subject to subsection (3) below, if in the course of the winding up of a company it appears that subsection (2) of this section applies in relation to a person who is or has been a director of the company, the court, on the application of the liquidator, may declare that that person is to be liable to make such contribution (if any) to the company's assets as the court thinks proper.",2026-06-10,grounded,"Section 214 of the Insolvency Act 1986 explicitly governs wrongful trading. The quoted text is the beginning of the section, establishing the court's power to make a director liable for contributions to company assets in cases of wrongful trading. This legislation is currently in force.",False,
n14,"Once a company's insolvency is unavoidable, a director's duty shifts to acting in the best interests of the creditors.",Director Liability / Personal Risk,General,,,https://vertexaisearch.cloud.google.com/grounding-api-redirect/AUZIYQFTQcD032wfMXL2d9GVpQCI3lBlJxSF65tIPKMgrUtFbWAjRyf4V9VtkI9uPBDjQZjwvMStYc0YTHeJN8Vj074fdNs-vJrUyuXb7Y7RG8M4pBhzkhmSqXqRaY5Z-n48ENVihWdkBe7xo-HDUZnmCskjnth_jErHIKCYY5yDi3CT,gemini · risk,missing,warning_callout,,medium,True,True,True,,verified,https://www.gov.uk/government/publications/director-information-hub-director-duties-upon-insolvency,If your company becomes insolvent director's priorities shift from the shareholders to the company creditors. You must: protect any assets the company has. treat all creditors the same - you cannot prioritise one over another. make sure your company does not worsen the financial position of creditors. consult with or consider appointing an insolvency practitioner.,2026-06-10,grounded,"This shift in duty is a well-established principle in UK company law, notably supported by Section 172(3) of the Companies Act 2006 and clarified by the Supreme Court in BTI 2014 LLC v Sequana SA and others UKSC 25. The duty is engaged when directors know, or ought to know, that the company is insolvent or bordering on insolvency, or that an insolvent liquidation or administration is probable.",False,
n15,"Preferential payments (preferences) can be challenged by an insolvency practitioner, with a look-back period of two years before the onset of insolvency for connected parties and six months for unconnected parties.",Risks / Pitfalls,General,Preferential Payments,2 years; 6 months,https://vertexaisearch.cloud.google.com/grounding-api-redirect/AUZIYQGF2Fc705dYLSB0eadm97HR_nzLSCCXzT2dpFR-sfpwOrjCpd9T2fpV1aTfNhw3G_f33BW-f424GfsEttuzPVCf7O_PoZOVLyMXc2rYkCPCBbdoepzpq5VLHKiZzIPuz_HCcD-pjGEiowhESFMqEVs=,gemini · risk,missing,warning_callout,,medium,True,True,True,,verified,,"If the recipient is not connected with you, the lookback is 6 months from the onset of insolvency. If the recipient is connected (a director, a spouse, a parent, a fellow group company, or a person over whom you have influence), the lookback is 2 years.",2026-06-10,grounded,"The look-back periods for preferential payments are outlined in Section 240 of the Insolvency Act 1986. For unconnected parties, the look-back period is six months before the onset of insolvency, and for connected parties, it is two years. This is consistently supported by multiple authoritative sources referencing the Insolvency Act 1986.",False,
n16,"If a director's loan account (DLA) is overdrawn and the company becomes insolvent, the balance is treated as a debt owed to the company and is repayable in full. Attempts to reclassify drawings as salary or dividends after insolvency are rarely successful unless proper board resolutions and sufficient distributable reserves were followed at the time.",Director Liability / Personal Risk,General,Director's Loan Account,,https://vertexaisearch.cloud.google.com/grounding-api-redirect/AUZIYQGF2Fc705dYLSB0eadm97HR_nzLSCCXzT2dpFR-sfpwOrjCpd9T2fpV1aTfNhw3G_f33BW-f424GfsEttuzPVCf7O_PoZOVLyMXc2rYkCPCBbdoepzpq5VLHKiZzIPuz_HCcD-pjGEiowhESFMqEVs=,gemini · risk,missing,warning_callout,,medium,True,True,True,,verified,https://www.gov.uk/government/publications/company-health-check-keeping-your-business-on-track/fact-sheet-directors-loan-accounts,"The money you borrow still belongs to the company and has to be paid back, even following insolvency.",2026-06-10,grounded,"The first part of the claim, that an overdrawn Director's Loan Account (DLA) balance is treated as a debt owed to the company and is repayable in full upon insolvency, is directly supported by official guidance from GOV.UK.

The second part of the claim, regarding the reclassification of drawings as salary or dividends after insolvency, is also accurate. Dividends can only be lawfully declared and paid from distributable reserves, as stipulated by the Companies Act 2006 (Sections 830 and 836). Furthermore, the declaration of dividends typically requires proper board resolutions and appropriate records to be valid. If these conditions were not met at the time the drawings were made, attempts to retrospectively reclassify them after the company has become insolvent are generally not successful. GOV.UK guidance also states that offsetting a DLA by declaring a dividend is only possible 'if sufficient funds are available'. Liquidators are duty-bound to pursue repayment of overdrawn DLAs as company assets for the benefit of creditors.",False,
n17,"A personal guarantee is a legally binding agreement that bypasses the company's limited liability protection, allowing lenders to pursue the guarantor directly, potentially leading to personal bankruptcy.",Director Liability / Personal Risk,General,Personal Guarantee,,https://vertexaisearch.cloud.google.com/grounding-api-redirect/AUZIYQF0cDDm3QeKwPhV-uKL3sXKlPWY8Un7wo8rZVL0ZXHuGxmpCk5duZLk2Xr1SamoMaIozHL2ZnSCMkRikhsE2k4IggZGfM3ZOJmyx6K5OcekNBndkT7-zE1hnZO4U5UqQDlRJMKhZCPBBsNpjsDTfAtYZMuvwhx3HsO0ReVefBIw10RhGsSc-xWYN5EPKho0H5ux-SGzQeeTtyujzf2Heopf2t_JJhiK4yaJXQ==,gemini · risk,missing,warning_callout,,medium,True,True,True,,verified,,"A personal guarantee is a legally binding agreement that the director will personally repay a debt if the company fails to meet its financial obligations in relation to that debt. Providing a guarantee could expose the director's personal assets to potential claims. ... if your personal assets are insufficient to cover the debt, you may be declared bankrupt.",2026-06-10,grounded,"The claim is verified by official guidance from GOV.UK, which states that a personal guarantee is a legally binding agreement making a director personally liable for company debt, bypassing limited liability and potentially leading to personal bankruptcy if assets are insufficient.",False,
n18,"Attempting to dissolve or strike off an insolvent company to avoid paying creditors is a serious misuse of the Companies Act 2006 provisions. Creditors can object to the strike-off, and if it proceeds, the company can be restored to the register. Directors involved could face investigations, disqualification, or even personal liability if fraudulent activity is suspected.",Risks / Pitfalls,Company Dissolution / Strike-Off,,,https://vertexaisearch.cloud.google.com/grounding-api-redirect/AUZIYQFFpUS28-OpvEwXD-PabBVB6_XWah2R76S6eNx8GQpVpALz1tBwnAN8eSBfFaUhIP_-DUkTB6tyQ3Chcq8g2UoDhS2XxrQAhCPGaEvC9SbrPaGAoIFOVl0wSEDgkpg91egNQFjF63cIsfiXWDXk6clrHpc04hIQh7aBTDglKv2YiJiNWQXGIGr18XfWKb4sE5uH0EP_x-tyM0PpARiuHP4=,gemini · risk,missing,warning_callout,,medium,True,True,True,,manual_review,,,,,skipped: per-run verification budget reached,False,
n19,"A director (or shadow director) of a company that has gone into insolvent liquidation is prohibited by Section 216 of the Insolvency Act 1986 from being involved with another company (or business) that trades under the same or a similar name for five years. Breaching this is a criminal offence, punishable by imprisonment and/or a fine, and can lead to personal liability for the new company's debts.",Director Liability / Personal Risk,General,Section 216 Insolvency Act 1986 (Phoenix Companies),5 years,https://vertexaisearch.cloud.google.com/grounding-api-redirect/AUZIYQHH7Phc7Wr2BB89pvY8zYhEFeAwtoJmnXhNQBlF9ZYYY9GjLXRLFTyTZoNh11wpOcBqKuxna2D972zT5YPHp5o1z-wyZJdWBl-xTxlL_2CMRNAK4TA1lTCJjILSW0r4GvVxsT5ef0AmbpRYTJpAyA==,gemini · risk,missing,warning_callout,,medium,True,True,True,,manual_review,,,,,skipped: per-run verification budget reached,False,
n20,Director disqualification is governed by the Company Directors Disqualification Act 1986 (CDDA).,Legal / Regulatory,General,Company Directors Disqualification Act 1986,,https://vertexaisearch.cloud.google.com/grounding-api-redirect/AUZIYQGQEgsaInR-2tCwRyXPRx8NT-4xa_Ju9a6M3e5ADbts44hNoK42-WwcLDTocw_MWnfYSrc3YtwYrFKKgfrx0k3Kn7DIKvUQYEAOJi-Pdw8O-nVHEnYsmnIqzAVczCdA5RYRkFPNBjPZINHup28Y6GxNzOGSh0G1JaePXm8sg7qxiQ4=,gemini · risk,missing,source_note,,medium,True,True,True,,manual_review,,,,,skipped: per-run verification budget reached,False,
n21,"HMRC can issue Personal Liability Notices (PLNs) to directors under the Social Security Administration Act 1992 (specifically section 121C for NICs), making them personally liable for unpaid PAYE and National Insurance contributions if the failure to pay was due to the director's fraud or neglect. HMRC actively uses PLNs.",Director Liability / Personal Risk,HMRC,Personal Liability Notices (PLNs),,https://vertexaisearch.cloud.google.com/grounding-api-redirect/AUZIYQFnht6bpNyxvNbLeWl2MGv7QenF789hOKfFmGVdvJoDzZW2DzB4eTc-n-thlHhw0JgHCfZt1lEGDfx30-aTtjxyboUwIkz3lt9ISDxvpuolvwD7DtNNLA_ojWG0L4tMrpm6kscqrLxWdREpxpTgPZhgRaN0jNiM4Y2KbWSFcItZu01qa6pTGq4H9XTm5BYlUwC7jSULsQIUB0mGQMxyMLw=,gemini · risk,missing,warning_callout,,medium,True,True,True,,manual_review,,,,,skipped: per-run verification budget reached,False,
n22,The Companies Act 2006 is also relevant to directors' duties during a Company Voluntary Arrangement (CVA).,Legal / Regulatory,General,Companies Act 2006,,https://vertexaisearch.cloud.google.com/grounding-api-redirect/AUZIYQGyO8tvUhWb_VWNwEUKqtpPCn_SymL8nhpvFspgI9LAEwttGWo_0Xf7HkDdPzimvFU4UuRddBGsLwRKYKmwAK3s740zxK6x7-XvbC_gStlFzW8B_j0t18oDtk8s5wIq6ht7j6bmtrJqBn5OTpEMTCWL9jZs-oox3nVsvLwYW72navXDsl0juKjXoRAvfGzhMxKsBDOqum_f2rNkvR8d4Q==,gemini · usecase-1,present_but_weak,source_note,,medium,True,True,True,,manual_review,,,,,skipped: per-run verification budget reached,False,
n23,"For a CVA to be approved, the resolution will be invalid if more than 50% (by value) of all unconnected creditors whose claims are admitted for voting vote against it.",Process / Steps,Company Voluntary Arrangement,Unconnected Creditor Veto,50%,https://vertexaisearch.cloud.google.com/grounding-api-redirect/AUZIYQEhqoK7sp1H3O5XErXSsBoncJMmDjNE8e1jLRR6GNXSz8aC1CPBNmNIx2nqJSVgE2at3awDyRKmtTq9NIBaopCDeUtsiUSUPonX1WsHlR879OkhLFVIs9aFEThn1ope2I4rU8w7ye5DdYIQeQWdeWj0196UzzVsKrTzL0_LmiAefctIASNIkBeu_lc88yU|https://vertexaisearch.cloud.google.com/grounding-api-redirect/AUZIYQFnj42waQ24d0cjAUgfYef5Hv6MQBx8iKRuun4McTDrfnb9LCGRtul0z1ob72e7AjqI_0tUzFQlwWRgQLQjC82Cc3osbmd9EUXfxkObH6PaCeQMuaxWIHBEshZjrvb2_0bOAjwKMrcHGf8Ym58ScrGJ0YBzLbA3YRd3BOzQaJqarJ67gh7pgJYxcIbJMV1HwfAF3AAn1AWF|https://vertexaisearch.cloud.google.com/grounding-api-redirect/AUZIYQGmlen8l16HHsNQQjklyOurHAtEmdNjAdiAG0h4MrWeAbap9Zx4pT9MT3BdxxDYekJbkfKGVFiN_d9rgivtnCWgEE3JjA1rkszDKrTHm9UfSV5ej5RYjDlu3EKwh93FGYmuPTXZRmUni1aLfyiguvk5fAwf0k0kQUvKhqTMJMGzICT88VKhHUJ0iyRdSbyPugzVBbaovamEVyMj72Zvg8DjxOiSl8SQcBfKOpLp,gemini · usecase-1|gemini · usecase-4,present_but_weak,process_steps,,medium,True,True,True,,manual_review,,,,,skipped: per-run verification budget reached,False,
n24,The nominee IP is generally required to work out the arrangement details and payment schedule within one month of their appointment.,Timeline / Duration,Company Voluntary Arrangement,,1 month,https://vertexaisearch.cloud.google.com/grounding-api-redirect/AUZIYQF8dUflvJXzyQWYTEYY0O76mRtxyQ74oGzq5-q4r3h-gLfGQNU_tyiGt5UXIDHugPIuOZctDBP3OQwgKvf8O63vYiehQprnMVKecNHJU56yPU2pQzzM88J5FwgquWPIGa2pU76Ejo9Pljnpn5HUzoQOchYGWVwe-9S0ldnbZg==|https://vertexaisearch.cloud.google.com/grounding-api-redirect/AUZIYQHFb84RqV6tQYy-SA9si8TQlTBTw8r6-WPayLHxitAwfB77MEOrHjKhoBdPTA--yaJN3yTP4O1eVyCnERd3JURBexWEJrvVCz6jLhIb8-eUhpJUx7BgN51r2T9iLBIQ3WkgfD3ZfikTesD3ZGtiUiFZjOJFUYdGyXHU-SD44dt60vn_BShc11221MNoNhBBNSAryy8sJo6VDw=,gemini · usecase-1|gemini · usecase-2,missing,comparison_table_cell,,medium,True,True,True,,manual_review,,,,,skipped: per-run verification budget reached,False,
n25,"A CVA can potentially be extended by up to two years in exceptional, unforeseen circumstances.",Timeline / Duration,Company Voluntary Arrangement,,up to 2 years,https://vertexaisearch.cloud.google.com/grounding-api-redirect/AUZIYQHFb84RqV6tQYy-SA9si8TQlTBTw8r6-WPayLHxitAwfB77MEOrHjKhoBdPTA--yaJN3yTP4O1eVyCnERd3JURBexWEJrvVCz6jLhIb8-eUhpJUx7BgN51r2T9iLBIQ3WkgfD3ZfikTesD3ZGtiUiFZjOJFUYdGyXHU-SD44dt60vn_BShc11221MNoNhBBNSAryy8sJo6VDw=,gemini · usecase-1,missing,comparison_table_cell,,medium,True,True,True,,manual_review,,,,,skipped: per-run verification budget reached,False,
n26,"The initial fees for simple, small-scale CVAs can start around £1,500.",Cost / Fees,Company Voluntary Arrangement,Nominee's Fees,"£1,500",https://vertexaisearch.cloud.google.com/grounding-api-redirect/AUZIYQEmTxuDqOEp8vuLfIM8LpqU3V6663_Knv69Sh08GOuVsHLDEssHIk8kws02KMWkjj_dcuVsjCY_rBigrYbQnhyEP-_OGLTXjtsVzb4lZtQOVNpJ3j_sdTYwB51CgcuHxUy_CayoKTM3e1d0X9Wj83d1jDzLh_J90hz2TapcN1pH44bM-lD_tl4GDwk9_jCalrqVdP8yMNjG-aMVa1I9cmvceS6Y_QiA=,gemini · usecase-2,missing,comparison_table_cell,,medium,True,True,True,,manual_review,,,,,skipped: per-run verification budget reached,False,
n27,"For small to medium-sized businesses, the total lifetime cost of a CVA, including both nominee and supervisor fees, can range from £2,000 to £10,000.",Cost / Fees,Company Voluntary Arrangement,,"£2,000 to £10,000",https://vertexaisearch.cloud.google.com/grounding-api-redirect/AUZIYQH5CXBmpTNBFoyLGtdgoXMfSKxOzYjLBhXBxfEu79EwnYU4rhoD2j82E9hB6RepRCG0nn7XwnkYfe8itAAZBiezJpgcJy1pgdTtISZXGC1NUieQ_mR7GbUv5rMXz22qBryT_QciBt3a8pqbw-Pkki8KniCpzZw6Is4qKjtHGORRULe7AQA=,gemini · usecase-2,contradicted,comparison_table_cell,,medium,True,True,True,,manual_review,,,,,skipped: per-run verification budget reached,False,
n28,"Total supervisor fees for CVA arrangements spanning several years can range from £10,000 to £30,000 or more.",Cost / Fees,Company Voluntary Arrangement,Supervisor's Fees,"£10,000 to £30,000+",https://vertexaisearch.cloud.google.com/grounding-api-redirect/AUZIYQHsxr39iINK0-91UwmmpPBcbqUBYy-Ao19s0p_QH_QuqFNevhBOEpxwhAD0_YG8949t3VlpYPwEVWgBCFRjCQN4aA4bJuy4XL1UfbUE9hoNxlASndz1iMultI1l7fIeNhO6sCvHcKaDc3J13zc=,gemini · usecase-2,missing,comparison_table_cell,,medium,True,True,True,,manual_review,,,,,skipped: per-run verification budget reached,False,
n29,Creditors also have a say in agreeing to the terms relating to the insolvency practitioner's remuneration.,Cost / Fees,General,IP Remuneration,,https://vertexaisearch.cloud.google.com/grounding-api-redirect/AUZIYQHFb84RqV6tQYy-SA9si8TQlTBTw8r6-WPayLHxitAwfB77MEOrHjKhoBdPTA--yaJN3yTP4O1eVyCnERd3JURBexWEJrvVCz6jLhIb8-eUhpJUx7BgN51r2T9iLBIQ3WkgfD3ZfikTesD3ZGtiUiFZjOJFUYdGyXHU-SD44dt60vn_BShc11221MNoNhBBNSAryy8sJo6VDw=,gemini · usecase-2,missing,comparison_table_cell,,medium,True,True,True,,manual_review,,,,,skipped: per-run verification budget reached,False,
n30,Payments from the company's cash flow in a CVA are used to cover the insolvency practitioner's fees before the remainder is distributed to creditors.,Cost / Fees,Company Voluntary Arrangement,,,https://vertexaisearch.cloud.google.com/grounding-api-redirect/AUZIYQHblgkeRfi603sMGor6wzGqY3zxzlTO2vFAgFDAhNWQFfqJYaoz1rWoXkW5UcwpZHAhAQgFZ_3tqGyMvU_MrXZVpVXZnNN3L4D3bm_U1wbPuGH_MtClbssa7jriaMWT_FRO60OZNX_KRk83ZLIkWym8G3VPHOVKk0kqkFFW83CaIDpEWOh2A72FbiLYuSVqCJ2cpx0DuJDydishw_ijvOE9qbE0YA==,gemini · usecase-2,missing,comparison_table_cell,,medium,True,True,True,,manual_review,,,,,skipped: per-run verification budget reached,False,
n31,"A CVA has been notably used to renegotiate property leases, particularly in the retail and leisure sectors.",Route Comparison,Company Voluntary Arrangement,,,https://vertexaisearch.cloud.google.com/grounding-api-redirect/AUZIYQGe5DYVL7iYppoNXimS0HK5OQrkx-pDgvF5aXIGOJMruFp9eeVnTDZcgYfuzSXrhdvfSuUMzKWtfDHK_JA9t_-XKmdksZiD-lSLBmIOYId6YHgOcsvlqKSiYG4wL6cIrd_cbTCGiPE6iWZQfkk-qvra_Crt,gemini · usecase-4,missing,comparison_table_column,,medium,False,False,False,,unverified,,,,,,False,
n32,Creditors may challenge a CVA within 28 days of approval on grounds of 'unfair prejudice' or 'material irregularity'.,Legal / Regulatory,Company Voluntary Arrangement,,28 days,https://vertexaisearch.cloud.google.com/grounding-api-redirect/AUZIYQG685yLsA9KK9e5QRdk94VQ7-i0LskIFYjnw9Bv8LYa32XNkdlKMsUL6IKYWjZSKBp5Cp5LpuZkGKgWqGrn7ni4X42T0OrLHqIimcnMWudgh3MpT7JiL9c43Bw0-8eDXnUKwHB2omZpAkQak6Yd,gemini · usecase-4,missing,source_note,,medium,True,True,True,,manual_review,,,,,skipped: per-run verification budget reached,False,
n33,"A standalone moratorium, introduced by the Corporate Insolvency and Governance Act 2020 (CIGA 2020), offers an initial 20 business days of legal protection from creditor action, extendable for a further 20 business days by directors, or longer with creditor consent or court approval. For this, the company must be able to pay certain new debts, and the Monitor must believe rescue is possible.",Alternatives / Options,Moratorium,Standalone Moratorium (CIGA 2020),20 business days,https://vertexaisearch.cloud.google.com/grounding-api-redirect/AUZIYQFtqUMOyN3kUjivyf3rndQ-Wb9XMyTDsBfwL0RaYZoV7ZH6J669xR0n_2XRWmWBN6TwKookK0mYESjgCs9SV2R82pN1uVsWpK677xpgQdt51wiPHGfZQ3DzyZGokr4C1D4jFr5pc6gAoOuS1rEOlF2jjJdd31_ayM2TvkA==|https://vertexaisearch.cloud.google.com/grounding-api-redirect/AUZIYQHYT7Ynra2kPdHUwh-klHrHd8FOa02J5q4U42BUQh_nHSjDMiKlMEXt--xPVLjzF8PxdxhLw4wlMQb13aaYw-4eW_QyaB-s3i3s57f3JInwdTN1AsZSdh8gSOMOVA_3v6EecM0WVuK8aWsQSFOUpSwXXOI49UmfZzzo-jhSM-qx,gemini · usecase-4,missing,comparison_table_column,,medium,True,True,True,,manual_review,,,,,skipped: per-run verification budget reached,False,
n34,"A Restructuring Plan, introduced by the Corporate Insolvency and Governance Act 2020 (CIGA 2020) establishing Part 26A of the Companies Act 2006, is a court-sanctioned process for viable companies allowing a compromise with creditors and/or shareholders. It can impose a plan on dissenting creditor classes, known as 'cross-class cram down', if the court deems it 'fair and equitable', with approval typically requiring a majority in number representing 75% in value within each class.",Alternatives / Options,Restructuring Plan,Restructuring Plan (CIGA 2020),75%,https://vertexaisearch.cloud.google.com/grounding-api-redirect/AUZIYQGmlen8l16HHsNQQjklyOurHAtEmdNjAdiAG0h4MrWeAbap9Zx4pT9MT3BdxxDYekJbkfKGVFiN_d9rgivtnCWgEE3JjA1rkszDKrTHm9UfSV5ej5RYjDlu3EKwh93FGYmuPTXZRmUni1aLfyiguvk5fAwf0k0kQUvKhqTMJMGzICT88VKhHUJ0iyRdSbyPugzVBbaovamEVyMj72Zvg8DjxOiSl8SQcBfKOpLp,gemini · usecase-4,missing,comparison_table_column,,medium,True,True,True,,manual_review,,,,,skipped: per-run verification budget reached,False,
n35,"In administration, an administrator, a licensed insolvency practitioner, is appointed to manage the company's affairs, taking control from the directors. The primary objective is usually to rescue the company as a going concern, or to achieve a better result for creditors than in liquidation.",Alternatives / Options,Administration,,,https://vertexaisearch.cloud.google.com/grounding-api-redirect/AUZIYQGc57JivipLLRTEbUTi7qjYsk1zKueHczF5cKlN2iZdNCAYKZ6f440hEyUL9x3wS6XYeisu7Aap4IkCcHoJS7t5bReBB4SKnl0huvEWwG3fX067I6L7haA3QEPb0mQfETV8fB0Ef_ykLx-7Gl4-u7g3UUqt6pO2wr4TyD8bSK29uSKLrlCft_lF5KJWrF_ebjbP-Fi2Ye6d1X3L0i0K28NJ9NamF8fCkRyfqWw=,gemini · usecase-4,present_but_weak,comparison_table_column,,medium,False,False,False,,unverified,,,,,,False,
n36,"In a Creditors' Voluntary Liquidation (CVL), an insolvency practitioner is appointed to liquidate assets and repay creditors according to a statutory hierarchy.",Alternatives / Options,Creditors' Voluntary Liquidation,,,https://vertexaisearch.cloud.google.com/grounding-api-redirect/AUZIYQFlSOA_NdvB-gdu4Q1A224GNrTtLqg5NfuskEeNdQfHHHXaap7skb5F6GsPY3OkNMXgqABfynhbD1hL4oUJX3sO9Mi0capEVHEjkyZ_b_LNyzZHeyZ4-yT_euIPBmJJcgem0zwRIOOtFdoG_PqQlVcPRpycVI_5HXUEOIuE0ZdYfuxMLBszJLYZIvERuWs=,gemini · usecase-4,present_but_weak,comparison_table_column,,medium,False,False,False,,unverified,,,,,,False,
n37,"Company dissolution (strike-off) is only appropriate for genuinely solvent companies with no significant assets or outstanding liabilities, and it is not suitable for insolvent companies.",Alternatives / Options,Company Dissolution / Strike-Off,,,https://vertexaisearch.cloud.google.com/grounding-api-redirect/AUZIYQG27Zrdiuz96Um3WpmXzEphx7C-vr38p6rh20l8_IuluY3cLnX5pVWJCvP8JjMpu02Uezh4GUmZuywVhSAmMI1D35ZF70u865roenGJGA-gSzmaIS2nsMXb50zrgcGZWN0ENOaWI4nxrtkPwNXV-Dd63Q4BwaZbPFeFvee6HfOqFZ23QaTTeoM63E7gj0BZ18CEe8OWwdKy9W-o=,gemini · usecase-4,missing,comparison_table_column,,medium,False,False,False,,unverified,,,,,,False,
